abeilles1;1407.0;
abhorrait;703.5;
abjurations;469.0;
abjurent;703.5;
abondants;351.75;
abreger;281.4;
abrites;469.0;
accommoder1;1407.0;
accroissements;351.75;
adjurait;703.5;
admiratrice;1407.0;
admirees;1407.0;
adonnee;1407.0;
adonnes;1407.0;
adossee;351.75;
adoucirez;1407.0;
adressez-vous;469.0;
adulee;703.5;
adulees;1407.0;
affables;469.0;
affaiblie;117.25;
affermi;175.875;
affranchisse;1407.0;
agonisants;351.75;
agrandissait;1407.0;
agrandissements;1407.0;
agressive;351.75;
ailleurs1;1407.0;
aimat;351.75;
aisances;703.5;
aisement2;1407.0;
ajoutait-elle;1407.0;
ajustement;703.5;
alienee;1407.0;
allegorie;703.5;
allegorique;1407.0;
ambitionnent;1407.0;
amertumes;351.75;
ameublements;1407.0;
amortit;703.5;
anabaptistes;469.0;
analysait;703.5;
andromaque;281.4;
ans--puis;1407.0;
apaisees;703.5;
apocryphe;1407.0;
apocryphes;703.5;
apparaisse;351.75;
apparaitront;1407.0;
appliquait;281.4;
appreciait;201.0;
appreciee;351.75;
approche1;1407.0;
arracherent;281.4;
arthemise;1407.0;
asiatique;234.5;
assaisonne;1407.0;
assassinaient;703.5;
assistee;703.5;
assombries;469.0;
assommee;1407.0;
assujettissant;1407.0;
athee;469.0;
attendrir;281.4;
attendrirait;1407.0;
attiques;1407.0;
attribuees;281.4;
augmente1;1407.0;
aura-t-elle;703.5;
autographes;703.5;
autres--le;1407.0;
aviez-vous;469.0;
badinages;1407.0;
bassans;1407.0;
bassans2;1407.0;
bavaroise;469.0;
baviere1;1407.0;
beaumelle;1407.0;
beauvilliers;351.75;
bellefonds;703.5;
berry1;1407.0;
bessola;1407.0;
bethune-charost;1407.0;
bienfaitrice;469.0;
blamait;281.4;
blameront-ils;1407.0;
bleues--declamaient;1407.0;
bombardait;703.5;
bonheur1;1407.0;
bontemps;281.4;
bouilli;156.33333333333334;
bouleversent;1407.0;
bouloi;1407.0;
bourdalouc;1407.0;
bourgogne--la;1407.0;
bourgogne4;1407.0;
boutaric;1407.0;
brasiers;201.0;
brignicourt-sur-saulx;1407.0;
briserent;469.0;
brouilleries;1407.0;
buzenval;469.0;
calomniez;469.0;
campes;234.5;
candelabres;175.875;
caparacon;1407.0;
capter;703.5;
caremes;703.5;
carrache;1407.0;
carrousels;1407.0;
causerait;469.0;
caustique;351.75;
caylus1;1407.0;
chalcedoine;1407.0;
chanoinesse;703.5;
chapelains;1407.0;
charles-amedee;1407.0;
charles-emmanuel;1407.0;
charles-emmanuel1;1407.0;
charles-quint;351.75;
chasses1;1407.0;
chatie;201.0;
cheruel;1407.0;
chevry;1407.0;
choquait;351.75;
chretiennement;469.0;
cilice;703.5;
cilices;703.5;
clagny;1407.0;
claustrales;1407.0;
commandais;469.0;
communiait;469.0;
communier1;1407.0;
comparais;703.5;
compensa;703.5;
complaire;703.5;
complimenta;1407.0;
comptez;281.4;
concilient;1407.0;
concoururent;1407.0;
conquerait;703.5;
consentis;281.4;
conservera;469.0;
consolee;281.4;
constatait;703.5;
constate;74.05263157894737;
constatent;234.5;
construisit;234.5;
consultees;703.5;
contagieuse1;1407.0;
contemporaines;234.5;
contenterait;703.5;
contigues;703.5;
contrariait-il;1407.0;
contrastant;1407.0;
contrepoids;703.5;
contribuerent;469.0;
convertissait;1407.0;
coquine;234.5;
cordiales;201.0;
corollaire;1407.0;
corrigeait;703.5;
corrompent;469.0;
coryphees;469.0;
coudees;281.4;
courre;469.0;
coysevox;469.0;
cramponnee;281.4;
criailleries;703.5;
critique1;1407.0;
crucifier;351.75;
cryptes;703.5;
cul-de-jatte;469.0;
culminant;234.5;
daccaparer;1407.0;
dadulations;1407.0;
dadversite;1407.0;
daffabilite;469.0;
dalcide;469.0;
dalencon;175.875;
damazones;1407.0;
dandernach;703.5;
dangleterre1;1407.0;
dantichambre;703.5;
dantithese;703.5;
dapaisement;351.75;
dapollon3;1407.0;
dapotheose;703.5;
dapparat;281.4;
dappartement;703.5;
dapre;1407.0;
darchitecture;156.33333333333334;
dargenterie;351.75;
darianes;1407.0;
darlequin;1407.0;
darmaille;703.5;
darmide;703.5;
darnauld;1407.0;
dartigny;1407.0;
dattitude;703.5;
dauphine1;1407.0;
dauphines;703.5;
declairs;281.4;
decorait;469.0;
decriee;1407.0;
dedions;1407.0;
defectueuse;351.75;
deffusion;703.5;
defiez;703.5;
defini;351.75;
definissait;1407.0;
degarements;469.0;
degoutee;281.4;
deguisent;703.5;
deguiserait;1407.0;
deleve;351.75;
delide;703.5;
delisabeth;469.0;
delutel;1407.0;
demate;703.5;
dementie;703.5;
demeuble;1407.0;
demeubler;1407.0;
demi-conversion;703.5;
demmaues;703.5;
demode;703.5;
denfance1;1407.0;
dengien;1407.0;
denseignements;351.75;
depaysees;1407.0;
depensees;469.0;
deplaisant;469.0;
deployat;703.5;
desavantageux;469.0;
deshoulieres;469.0;
desjeunes;1407.0;
desoeuvree;351.75;
despotiquement;1407.0;
desprit--moi;1407.0;
desther;703.5;
detangs;1407.0;
detiquette;469.0;
detracteur;1407.0;
detracteurs;281.4;
detruite4;1407.0;
deuil3;1407.0;
devaste;351.75;
dexagerations;1407.0;
dexagerer;1407.0;
dexquises;703.5;
dharcourt;469.0;
dhypocrite;1407.0;
dialecticien;1407.0;
diane4;1407.0;
dici-bas;351.75;
dictent;703.5;
dieu1;1407.0;
dignites;351.75;
dimmateriel;1407.0;
dimpartialite;469.0;
dimputations;1407.0;
dinaient;201.0;
dinexactitudes;1407.0;
dinfortune;281.4;
dinspirations;703.5;
dintrigue;703.5;
disais-je;175.875;
disparaitrons;1407.0;
disparates;140.7;
dissimulent;469.0;
distinguat;703.5;
dit--comme;1407.0;
divinisees;1407.0;
dobsequieuses;1407.0;
dodieuses;1407.0;
doiron;1407.0;
dolympe;1407.0;
dominateurs;703.5;
dominiquin;1407.0;
dorbay;1407.0;
dortoirs;703.5;
dosmond;1407.0;
dostentation;1407.0;
douaire;1407.0;
doubla;234.5;
douvrages;1407.0;
draconienne;1407.0;
dubarry;703.5;
eclairent;469.0;
ecrit-elle;1407.0;
ecrit-il;469.0;
ecritoire;469.0;
ecrivait-elle;1407.0;
ecrivait-il;351.75;
ecurie;281.4;
edacior;1407.0;
edifiants;1407.0;
edifier;281.4;
elle-meme1;1407.0;
emanes;1407.0;
emeutiers;703.5;
emouvantes;234.5;
encadres;351.75;
encensee;703.5;
encore--et;703.5;
encrier;281.4;
endosse;469.0;
enfoncement;703.5;
enfouie;156.33333333333334;
engagerai;1407.0;
enivrer;703.5;
enormites;1407.0;
enragee;234.5;
ensevelies;156.33333333333334;
entendrait;351.75;
entortilles;1407.0;
envahis;281.4;
enviee;281.4;
epanchements2;1407.0;
epanchons;1407.0;
epistolaire;469.0;
epouserez-vous;1407.0;
equipees;703.5;
esperances1;1407.0;
essayera-t-elle;1407.0;
etage3;1407.0;
etincellent;703.5;
etoilees;469.0;
etrangeres1;1407.0;
etranglait;1407.0;
evoquions;1407.0;
exagerant;281.4;
exaltees;351.75;
exasperee;117.25;
exaucerait;1407.0;
exceptionnelles--mlle;1407.0;
excusant;1407.0;
exemple1;1407.0;
exhortez-moi;1407.0;
exilee;703.5;
expropriees;1407.0;
expulses;1407.0;
extases;234.5;
extermine;234.5;
fabriquees;703.5;
faconnes;703.5;
faiblit;351.75;
faisons-en;1407.0;
fait-on;281.4;
falsificateurs;1407.0;
fangeux;351.75;
fasciner;703.5;
fastes;703.5;
fastueuse;351.75;
fastueuses;703.5;
fautes1;1407.0;
felibien;1407.0;
femme-ministre;1407.0;
filiale;351.75;
fille-la;351.75;
fletrissent;1407.0;
fleurdelise;1407.0;
fonderies;703.5;
footnore;1407.0;
formeraient;1407.0;
fourbe;281.4;
france--la;1407.0;
futilites;281.4;
galeuse;703.5;
gardes3;1407.0;
gatait;469.0;
gauche1;703.5;
gentillesses;281.4;
glapion;1407.0;
glissez;703.5;
godet-desmaretz;1407.0;
gondoles;703.5;
gontaut;469.0;
gouvernementales;469.0;
gradins;201.0;
graduelle;469.0;
grand-couvert;1407.0;
grandes--les;1407.0;
grandissant;93.8;
grandseigne;1407.0;
grattez;703.5;
gratuite;351.75;
guerroyait;1407.0;
habillant;1407.0;
hanovre;703.5;
hausset;1407.0;
heretiques1;1407.0;
hierarchique;281.4;
hoca;1407.0;
hollande1;1407.0;
honorent;703.5;
https//wwwgutenbergorg/1/0/6/8/10689/;1407.0;
hydaspe;1407.0;
hyperboliques;1407.0;
i--le;469.0;
iconoclaste;1407.0;
iconoclastes;1407.0;
ignorons;201.0;
ii--louis;1407.0;
iii--la;281.4;
imaginerait-il;1407.0;
immixtion;1407.0;
inacheves;469.0;
inauguree;703.5;
incisif;1407.0;
inclinons;1407.0;
incomplet;201.0;
incrustees;703.5;
inculques;1407.0;
inestimables;469.0;
infirmiere;469.0;
influente;703.5;
inquietudes1;1407.0;
insinuante;469.0;
installerent;351.75;
institutrice;469.0;
instructif;234.5;
instruites;469.0;
insurgee;703.5;
intarissable;281.4;
intendante;703.5;
intimidant;703.5;
invectivant;1407.0;
iv--de;1407.0;
iv--mme;1407.0;
ix--mme;1407.0;
jecrivisse;1407.0;
jobez;1407.0;
jote;1407.0;
joueront;1407.0;
jouirent;703.5;
journee1;1407.0;
jours-la;234.5;
juge-t-il;1407.0;
juge1;1407.0;
jumelle;281.4;
justifiee;351.75;
labondance2;1407.0;
laccompagna;351.75;
laccordee;1407.0;
ladulation;1407.0;
laideron;1407.0;
laltiere;1407.0;
lamour-propre;140.7;
lamuse;469.0;
lapogee;703.5;
lapotheose;1407.0;
lapprochaient;469.0;
lapprochait;1407.0;
lapprochent;1407.0;
lapprouvait;351.75;
lapres-dinee;1407.0;
larioste;1407.0;
larmes1;1407.0;
larmes2;1407.0;
lassait;201.0;
lassistait;1407.0;
lastic;703.5;
lastre-roi;1407.0;
lastreignait;1407.0;
lathenien;703.5;
latteindra;469.0;
lattrister;703.5;
lautre2;1407.0;
lavallee;469.0;
lavent;281.4;
leblouissante;1407.0;
lecclesiaste;1407.0;
leczincka;1407.0;
ledifiante;1407.0;
leffrayerait;1407.0;
leloignaient;1407.0;
leloignera;1407.0;
leminent;703.5;
lempechaient;469.0;
lencourager;281.4;
lengouement;351.75;
lenjouement;1407.0;
lensevelit;1407.0;
lensorcellement;469.0;
lentendrais;1407.0;
lentrain;351.75;
leprouver;351.75;
lequerre;1407.0;
lescadron;469.0;
lesquisse;351.75;
levau;1407.0;
lexhorte;1407.0;
lextermination;351.75;
lharmonieuse;703.5;
lhoroscope;1407.0;
lhuissier1;1407.0;
libelles;703.5;
limperfection;469.0;
linanite;703.5;
linclination;703.5;
linfante;1407.0;
linimitie;703.5;
linspirateur;351.75;
linspiratrice;1407.0;
linstalla;234.5;
linteressante;351.75;
kilmansegg;1407.0;
kitchen--of;1407.0;
kitchen-and;1407.0;
ladrao;1407.0;
lady--miss;703.5;
lady--perhaps;1407.0;
lahcoon;1407.0;
lahneck--the;1407.0;
lamp--so;1407.0;
landing-rock;1407.0;
lanterns--unless;1407.0;
lapidated;1407.0;
large-lunged;1407.0;
lateen-sail;1407.0;
laudersdale;469.0;
laudersdales;469.0;
laughter--we;703.5;
lava-rocks;1407.0;
law--whoever;1407.0;
libertine--to;1407.0;
library-table;281.4;
life--out-door;1407.0;
life--should;1407.0;
lightboat;1407.0;
linguistical;1407.0;
literature--intensely;1407.0;
live--not;703.5;
lockings;1407.0;
locks--;1407.0;
lottery-like;1407.0;
loved--adored;1407.0;
loved--bravely;1407.0;
lovina;703.5;
loviny;1407.0;
low--dun;1407.0;
lyrics--campbell;1407.0;
majority--possibly;1407.0;
man--now;1407.0;
manhattoes;1407.0;
mansion-house-bred;1407.0;
manuensis;1407.0;
manuscript--now;1407.0;
maple-bough;1407.0;
marila;1407.0;
marilla;1407.0;
marilly;1407.0;
mariquinha;1407.0;
marred--to;1407.0;
married--nobody;1407.0;
massa--should;1407.0;
match--thats;1407.0;
matracas;1407.0;
maundy-thursday;1407.0;
may-sunday;1407.0;
mayweed;1407.0;
mclean--he;1407.0;
mclean--my;1407.0;
mcquigleys;1407.0;
mehitable;1407.0;
meinnon;1407.0;
melodramatist;1407.0;
memory-saving;1407.0;
mess--custards;1407.0;
micheli;1407.0;
mid-sky;703.5;
might--might--bury;1407.0;
militia-officer;1407.0;
milton--we;1407.0;
miniature-fruit;1407.0;
mirante;703.5;
mistake--especially;1407.0;
mock-pathos;1407.0;
moir;469.0;
monodies;469.0;
moore--to;1407.0;
more--above;1407.0;
morning--bubbles;1407.0;
morning-dew;1407.0;
mortality--of;1407.0;
mousinho;1407.0;
mrs----sketches;1407.0;
muliebrity;703.5;
mulleins;469.0;
nag-naggin;1407.0;
named--for;1407.0;
nan--she;1407.0;
nature--many-sided;1407.0;
near--mrs;1407.0;
needed--except;1407.0;
needle-womens;1407.0;
neighbor--brief;1407.0;
neuralogy;703.5;
newspaper-columns;1407.0;
night-sweetness;1407.0;
no--simply;1407.0;
no--then;469.0;
northeasters;1407.0;
not-to-be-heart-broken;1407.0;
nottn;1407.0;
now--blanche;1407.0;
nurse--having;1407.0;
oar--mary;1407.0;
objecting--went;1407.0;
observed--she;1407.0;
obstinacy--faults;1407.0;
of--ancora;1407.0;
offensive--burnt;1407.0;
office-entrance;1407.0;
olmsteds;351.75;
onion-bed;703.5;
orange-gardens;1407.0;
orange-orchards;1407.0;
orange-season;1407.0;
orange-yards;1407.0;
orientalisms;703.5;
outlines--an;1407.0;
outward--they;1407.0;
over--nobody;1407.0;
overlaced;1407.0;
oxald;1407.0;
palpableness;1407.0;
pandeans;1407.0;
paper-scrapers--know;1407.0;
parker--het;1407.0;
party--arose;1407.0;
party-politics;469.0;
party-traditions;1407.0;
passage--though;1407.0;
passed--great;1407.0;
passeio;1407.0;
pataco;1407.0;
patacos;1407.0;
patent--when;1407.0;
paved-work;1407.0;
pea-nut;469.0;
pearl--lazy;1407.0;
pen-drivers;1407.0;
pen-scratches;1407.0;
performed--elbowing;1407.0;
person--whose;1407.0;
pesther;1407.0;
pews-full;1407.0;
picture-dealing;1407.0;
pig--a;703.5;
pine--one;1407.0;
pine-breath;1407.0;
pinies;1407.0;
pirates--of;1407.0;
pitchtures;1407.0;
places--literally;1407.0;
play-side;1407.0;
pocket-editions;1407.0;
pocket-safe;1407.0;
poet--except;1407.0;
poetic--pathos;1407.0;
poetical--not;1407.0;
poets--one;1407.0;
poppy-leaves;1407.0;
porter--at;1407.0;
position--so;1407.0;
possessions--her;1407.0;
potato-peeling;1407.0;
potato-plots;1407.0;
poverty--dwelling;1407.0;
pranks--to;1407.0;
pre--roger;1407.0;
presentation-set;1407.0;
presumptuously--especially;1407.0;
pricked-pincushion;1407.0;
print-window;1407.0;
privileges--only;1407.0;
procession-day;1407.0;
profligacy--an;1407.0;
prolonged--we;1407.0;
promise--her;703.5;
pseudo-originals;1407.0;
purgatoried;1407.0;
pyramidal--if;1407.0;
quadroon-looking;1407.0;
quarters--hardly;1407.0;
question--she;469.0;
quietly--much;1407.0;
quince-trees;703.5;
raccappriccia;1407.0;
race--as;1407.0;
radiance--i;1407.0;
rake-tails;1407.0;
raleigh--roger;1407.0;
raleighs--possibly;1407.0;
rallyingly;1407.0;
raowens;1407.0;
rarely--he;1407.0;
reading--his;1407.0;
reading-lessons;469.0;
recorded--the;703.5;
red--whether;1407.0;
rehung;703.5;
relly--now;1407.0;
repaintings;1407.0;
report--at;1407.0;
requier;1407.0;
resting-spots;1407.0;
retributively;1407.0;
return--this;1407.0;
retzschs;469.0;
rhody;1407.0;
rhodys;1407.0;
ribbed-up;1407.0;
right-side;703.5;
rite--ah;1407.0;
roost--who;1407.0;
round--astonishing;1407.0;
sacred--in;1407.0;
sad-hued;1407.0;
said--shall;469.0;
sailor-fashion--here;1407.0;
saint-germains;1407.0;
saint-michael;1407.0;
sake--why;1407.0;
santinhos;1407.0;
santissimas;1407.0;
saurians;281.4;
sauti;703.5;
savagei;1407.0;
saw-horses;1407.0;
say--thoroughly;1407.0;
scenes--pretty;1407.0;
school--know;1407.0;
school-system;469.0;
school-traditions;1407.0;
science--whereon;1407.0;
scold--and;1407.0;
scran;1407.0;
scranton--talk;1407.0;
scrantons;1407.0;
scribble--all;1407.0;
scripture--the;703.5;
scripture-teachings;1407.0;
sea--or;1407.0;
sea-fronting;1407.0;
sea-pinks;1407.0;
sebastiana;1407.0;
see--helen;1407.0;
seed-arrows;1407.0;
seed-drawer;1407.0;
selection--the;703.5;
self-endowed;1407.0;
self-murdered;1407.0;
self-seekin;1407.0;
self-understanding;1407.0;
self-vindicatory;1407.0;
semi-passive;1407.0;
senhora;351.75;
senhoria--one;1407.0;
sensale;1407.0;
sensales;1407.0;
sensali;1407.0;
sequestering;703.5;
serpent-stem;1407.0;
shad--;1407.0;
shadowed--an;1407.0;
she--pity;1407.0;
she--whose;1407.0;
shearer--who;1407.0;
shed-floor;1407.0;
sheep-pastures;703.5;
sheet--some;1407.0;
ship-wrecks;351.75;
side--shut;1407.0;
sienese--who;1407.0;
silk-manufacture;1407.0;
silver-sided;703.5;
simplicity--as;1407.0;
simply--i;1407.0;
since--well--she;1407.0;
singly--not;1407.0;
sink-room;1407.0;
sister--for;703.5;
six--seven;1407.0;
size--full;1407.0;
slabtown;1407.0;
slaty-gray;1407.0;
sleep--oh;703.5;
sleep-giving;1407.0;
slightly--lifted;1407.0;
slow-dropping;469.0;
smartly--nor;1407.0;
snow--thats;1407.0;
snuff--and;469.0;
soap-scented;1407.0;
sod-bound;1407.0;
some--to;703.5;
some--women;703.5;
song--in;1407.0;
soul-experience--joy;1407.0;
soundboats;1407.0;
south-door;1407.0;
south-winds;469.0;
spanish--in;1407.0;
sparrer-house;1407.0;
sparrowgrasss;1407.0;
speakable;469.0;
stay--fled;1407.0;
stereographs;469.0;
stone-entranced;1407.0;
stones--nor;1407.0;
storm-caps;1407.0;
strait-breasted;703.5;
strange--before;1407.0;
strangers--kept;1407.0;
straw-work;1407.0;
strawberry-bed;1407.0;
strength--life;1407.0;
stump-speaker;1407.0;
subscription-lists;1407.0;
substance--of;1407.0;
summer--mrs;1407.0;
summer-gowns;1407.0;
summer-heats;1407.0;
summer-lightnings;1407.0;
summer-visitors;1407.0;
sunday-noon;1407.0;
swallow-haunted;1407.0;
sweet--boys;1407.0;
swelling---;1407.0;
swimmed;1407.0;
taggard;175.875;
talk--her;1407.0;
tangerinas;1407.0;
teeth--fortunately;1407.0;
telegraph-station--to;1407.0;
tell--flashed;1407.0;
tendency--would;1407.0;
tenty--but;1407.0;
tenty--ill;1407.0;
tentys;1407.0;
then------;469.0;
then----her;1407.0;
thing--faded;1407.0;
thing--light;1407.0;
things--caring;1407.0;
things--personally;1407.0;
think--have;1407.0;
third--tenty;1407.0;
this--atheists;1407.0;
this--och;1407.0;
thought-principle;1407.0;
thumb-nails;1407.0;
thunder-and-lightning;469.0;
tin-box;1407.0;
touchings-up;1407.0;
town-libraries;1407.0;
town-mansion;703.5;
trafalgar--of;1407.0;
tragedy--not;703.5;
tribune--and;1407.0;
triumph--when;1407.0;
troops-of-the-line--twenty;1407.0;
trouting;1407.0;
trumpet--and;1407.0;
truth--she;1407.0;
tufa-ledges;1407.0;
tumble-to-pieces;1407.0;
turned--cooper;1407.0;
twenty--rite;1407.0;
twenty-cinq;1407.0;
un-classic;1407.0;
un-friends;1407.0;
unappreciable;1407.0;
uncertain--of;1407.0;
understanding--one;1407.0;
union-jack;1407.0;
unlockings;1407.0;
unpleasant-colored;1407.0;
untransportable;1407.0;
unventured;703.5;
unwitttingly;1407.0;
upflashes;1407.0;
urn--her;1407.0;
urquharts;703.5;
venner--take;1407.0;
vi--november;1407.0;
vinte-cinco;1407.0;
vintems;1407.0;
viny--but;1407.0;
vinys;1407.0;
vinys--sorry;1407.0;
viper-broth;1407.0;
virgin--mr;1407.0;
voilets;1407.0;
voluntarily--to;1407.0;
vossa;1407.0;
vulgarize;281.4;
waitll;1407.0;
walks--to;1407.0;
wall--an;1407.0;
wall-painting;351.75;
wash--just;1407.0;
washington-irving-day;1407.0;
watermills;1407.0;
wave-line;1407.0;
way--back;1407.0;
wearied--and;1407.0;
well-asserted;1407.0;
well-got-up;1407.0;
well-gotten-up;1407.0;
well-married;1407.0;
well-paid-for;1407.0;
went--for;703.5;
west-australian;1407.0;
whatever--they;469.0;
wheels--;1407.0;
white-birch-swamp;1407.0;
white-kid-looking;1407.0;
white-owls-feather;1407.0;
whitsunday--a;1407.0;
why--i--well----oh;1407.0;
wider-spread;1407.0;
wills--part;1407.0;
winter-snows;1407.0;
within--every;1407.0;
wizard-like;1407.0;
wolferts;351.75;
womanuensis;1407.0;
wood-engraver;469.0;
wood-saw;1407.0;
wordy-painting;1407.0;
work--dat;1407.0;
work--what;703.5;
worsted--work;1407.0;
year-and-a-half;1407.0;
yes--would;1407.0;
yourself--although;1407.0;
yourself--or;1407.0;
zamboas;1407.0;
zooephyte;1407.0;
11104txt;1407.0;
11104zip;1407.0;
1248-1548;1407.0;
1912-1918;1407.0;
1917--length;1407.0;
abandon--;1407.0;
abd-el-aziz;1407.0;
abd-el-hafid;1407.0;
abd-el-hafids;1407.0;
abdallah-ben-aissa;1407.0;
abou-el;1407.0;
abou-el-abbas;1407.0;
abou-youssef;1407.0;
acheminedes;1407.0;
agdal;1407.0;
ahmed-baba;1407.0;
ahmed-el-hiba;1407.0;
aid-el-kebir;1407.0;
aissaouas;1407.0;
alarcos;1407.0;
almohad;1407.0;
almohads;1407.0;
almond-eyed;703.5;
almond-green;1407.0;
almoravid;1407.0;
almoravids;1407.0;
alou;1407.0;
amphora-shaped;1407.0;
angle-towers;1407.0;
ankle-bracelets;1407.0;
anti-atlas;1407.0;
apricot-tinted;1407.0;
arbaoua;1407.0;
arch-detective;1407.0;
art--whether;703.5;
art-industries;1407.0;
artist-sultans;1407.0;
ascendencies;1407.0;
ass-backed;1407.0;
assyrio-chaldaean;1407.0;
attarine;1407.0;
attarine--fez;1407.0;
autocthones;1407.0;
ba-ahmed;1407.0;
ba-ahmeds;1407.0;
bab-mansour;1407.0;
bab-mansour--meknez;1407.0;
back-ache;351.75;
back-waters;351.75;
bahia--marrakech;1407.0;
baking-kilns;1407.0;
bargainers;1407.0;
bargaining--dear;1407.0;
beard-fringed;1407.0;
bemisted;703.5;
beni-hasen;1407.0;
beni-merins;1407.0;
berberes;1407.0;
bird-shrieks;1407.0;
blad-el-makhzen;1407.0;
blad-es-siba;1407.0;
blad-makhzen;1407.0;
bliss--as;1407.0;
blood-rite;1407.0;
blood-sacrifice;1407.0;
blue-bronze;1407.0;
blue-brown;1407.0;
boating-parties;1407.0;
bou-jeloud;1407.0;
bou-regreg;1407.0;
bouanyana;1407.0;
bouanyana--fez;1407.0;
bouter;1407.0;
box-clock;1407.0;
boy-dancers;1407.0;
bracelet-laden;1407.0;
branch-huts;1407.0;
bright-earringed;1407.0;
budgett-meakin;1407.0;
business-man;281.4;
cab-stands;703.5;
caid;351.75;
calanders;1407.0;
caravan-trails;1407.0;
carpaccios;703.5;
cattle-dealers;703.5;
cedar-beams;1407.0;
cellar-grown;1407.0;
ceramists;1407.0;
cheek-muscles;1407.0;
cheese-coloured;1407.0;
chella--ruins;1407.0;
chemmain;1407.0;
cherifian;1407.0;
cherifs;1407.0;
chicken-feathers;1407.0;
child-christs;1407.0;
child-welfare;1407.0;
chleuh;1407.0;
chleuhs;1407.0;
cinema-palaces;1407.0;
citron-blossom;1407.0;
claude-like;703.5;
cochelet;1407.0;
cocheletb;1407.0;
coffered;703.5;
coloniesa;1407.0;
coral-hung;1407.0;
corset-like;1407.0;
cottons--from;1407.0;
country--spain;1407.0;
crenellations;1407.0;
crimson-saddled;1407.0;
crivelli;703.5;
cuckoo-like;1407.0;
curved-up;1407.0;
dakka;1407.0;
dancing-boys;1407.0;
date-branches;1407.0;
date-brandy;1407.0;
date-caravans;1407.0;
date-oases;1407.0;
datesa;1407.0;
daughtersa;1407.0;
deambulatory;1407.0;
delicately-modelled;1407.0;
demnat;1407.0;
department-store;351.75;
design--this;1407.0;
dialectes;703.5;
dislam;1407.0;
djebilets;1407.0;
djellabah;1407.0;
djellabahs;1407.0;
djinn-haunted;1407.0;
doge-like;1407.0;
donkey-men;1407.0;
douara;1407.0;
double-bed;1407.0;
doutte;1407.0;
douttes;1407.0;
dream-feeling;1407.0;
dreaming-places;1407.0;
dust-enveloped;1407.0;
eagle-beaked;1407.0;
earth-color;1407.0;
egypt--somewhat;1407.0;
egyptian-looking;1407.0;
el-hiba;1407.0;
el-hibas;1407.0;
el-ksar;1407.0;
el-ksar--neat;1407.0;
el-mansour;1407.0;
elakhador;1407.0;
elakhdar;1407.0;
elbah;1407.0;
elbali;1407.0;
eldjid;1407.0;
eldjid--where;1407.0;
elmansour;1407.0;
erl-maidens;1407.0;
erremel;1407.0;
eye-slits;1407.0;
ezziani;1407.0;
ezzianis;1407.0;
fatmah;1407.0;
feast--kouskous;1407.0;
feathers--were;1407.0;
fedalah;1407.0;
fetichistic;1407.0;
fever--that;1407.0;
fez--a;1407.0;
fez--influences;1407.0;
fez--medersa;1407.0;
fez--the;1407.0;
fibulae;469.0;
fiery-golden;1407.0;
fife-players;1407.0;
fifty-oared;1407.0;
fist-shaking;1407.0;
flower-field;1407.0;
flower-maidens;703.5;
flower-sellers;1407.0;
flowering-time;1407.0;
fly-plastered;1407.0;
folded-up;1407.0;
fomented--farther;1407.0;
fondak;1407.0;
fondak--marrakech;1407.0;
fondaka;1407.0;
fondaks;1407.0;
forehead-jewel;1407.0;
forward-straining;1407.0;
forward-surging;1407.0;
foucaulds;1407.0;
fountain--fez;1407.0;
fountain--marrakech;1407.0;
fountain-basins;1407.0;
fountained;1407.0;
france-maroc;1407.0;
fresco-painters;703.5;
fruit-orchards;1407.0;
ftouh;1407.0;
gallery-like;1407.0;
gandourah;1407.0;
gardenless;1407.0;
general--suetonius;1407.0;
gentian-blue;1407.0;
gently-cooing;1407.0;
ghilis;1407.0;
ghostliest;703.5;
gold-ceilinged;1407.0;
gold-powder;1407.0;
golden-fritters;1407.0;
golden-slippered;1407.0;
goulven;1407.0;
grain-basket;1407.0;
grape-shadows;1407.0;
green-roofed;703.5;
green-tiled;1407.0;
guennaoui;1407.0;
half-suspecting;1407.0;
half-unchanged;1407.0;
hamadch;1407.0;
hamadchas;1407.0;
hamadchas--moulay;1407.0;
hammads;1407.0;
hares-feet;1407.0;
hassanian;1407.0;
hassanians;1407.0;
head-bands;703.5;
heart--animates;1407.0;
heavy-nailed;1407.0;
heel-down;1407.0;
henissart;1407.0;
hennaed;1407.0;
hieratically;1407.0;
hilalian;1407.0;
hispano-arabic;1407.0;
honeycombing;351.75;
honeycombings;1407.0;
hoop-earrings;1407.0;
horm;1407.0;
hotel-terraces;1407.0;
houdas;703.5;
https//wwwgutenbergorg/1/1/1/0/11104;1407.0;
https//wwwgutenbergorg/ebooks/39042;1407.0;
ibn-toumert;1407.0;
idriss;1407.0;
idrissite;1407.0;
idrissites;1407.0;
ilegh;1407.0;
imagination--there;1407.0;
imama;1407.0;
imintanout;1407.0;
incense-smoke;1407.0;
inspired-looking;1407.0;
interfacings;1407.0;
interweavings;1407.0;
ipomeas;1407.0;
islamisation;1407.0;
islamite;1407.0;
ismaels;1407.0;
ismalitic;1407.0;
juillet-septembre;1407.0;
kairouan;703.5;
kairouiyin;1407.0;
kairouiyinat;1407.0;
kalaa;1407.0;
kasbaha;1407.0;
kasim-ibn-ahmad;1407.0;
kenitra;1407.0;
kif;703.5;
koran-class;1407.0;
koubba;703.5;
koubbaa;1407.0;
koubbas;1407.0;
koutoubya;1407.0;
kubba;1407.0;
lamothe;469.0;
larache;703.5;
las-navas-de;1407.0;
lash-driven;1407.0;
last--its;703.5;
lazaruses;1407.0;
leather-gaitered;1407.0;
lemonade-sellers;1407.0;
loincloths;1407.0;
long-earringed;1407.0;
long-lidded;1407.0;
look--in;1407.0;
lost--has;1407.0;
lotus-tanks;1407.0;
low-flying;703.5;
low-relief;703.5;
lunela;1407.0;
lyauteys;1407.0;
maghili;1407.0;
makhzena;1407.0;
maksoura;1407.0;
mansourah;1407.0;
mantegnesque;1407.0;
many-walled;1407.0;
market-place--moulay;1407.0;
marocain;1407.0;
marocaines;1407.0;
marrakech;1407.0;
marrakech--a;1407.0;
marrakech--apartment;1407.0;
marrakech--mausoleum;1407.0;
marrakech--the;1407.0;
marrakecha;1407.0;
mattress-ticking;1407.0;
mauretaniaa;1407.0;
mechra;1407.0;
medersa--sale;1407.0;
medersas;1407.0;
medersas--mere;1407.0;
mehedyia;1407.0;
meknez;1407.0;
meknez--gate;1407.0;
meknez--the;1407.0;
mellaha;1407.0;
mellahs;1407.0;
menara;1407.0;
mensuel;1407.0;
merinid;1407.0;
merinids;1407.0;
mers-el-kebir;1407.0;
mestonda;1407.0;
metal-blue;1407.0;
migeon;1407.0;
military-post;1407.0;
minareted;1407.0;
minbar;1407.0;
minbarb;1407.0;
mint-tea;1407.0;
mirhab;1407.0;
mirhaba;1407.0;
miromilan;1407.0;
moghreb;1407.0;
mosaic-work;351.75;
mosaica;1407.0;
mosque--sale;1407.0;
motor-horns;1407.0;
motor-travellers;1407.0;
motor-vehicles;1407.0;
motorcyclists;703.5;
moulay;703.5;
moulay-el-hassan;1407.0;
moulay-el-hassana;1407.0;
moulay-hassan;1407.0;
moulay-idriss;1407.0;
moulay-idriss--market-place;1407.0;
moulay-idriss--the;1407.0;
moulay-ismael;1407.0;
moulay-ismael--meknez;1407.0;
moulay-ismaels;1407.0;
moulays;703.5;
moulouya;1407.0;
moumenin;1407.0;
msalla;1407.0;
msallaa;1407.0;
much-petted;1407.0;
music-making;703.5;
nasr;703.5;
natural--even;1407.0;
nedjanne;1407.0;
nedjarine;1407.0;
nettle-grown;1407.0;
night-shelters;1407.0;
nourwal;1407.0;
nourwals;1407.0;
oasis-city;1407.0;
oil-lanterns;1407.0;
olive-gardens;1407.0;
olive-growers;1407.0;
oranais;1407.0;
orange-garden;703.5;
oudayas;1407.0;
oudayas--rabat;1407.0;
oudjda;1407.0;
oued;703.5;
oueds;1407.0;
ouem;1407.0;
oulama;1407.0;
oulamaa--the;1407.0;
oulamas;1407.0;
out--ware;1407.0;
over-draperies;1407.0;
over-gorgeous;1407.0;
overripeness;1407.0;
palace-builders;1407.0;
palace-courts;1407.0;
palace-making;1407.0;
palaces--except;1407.0;
palm-oases;1407.0;
palm-oasis;1407.0;
palm-oasis--a;1407.0;
parasol-bearer;1407.0;
passive-looking;1407.0;
patio--this;1407.0;
paulinus--who;1407.0;
peach-colour;1407.0;
pearl-woven;1407.0;
pendentives;703.5;
pickaninnies;201.0;
pink-saddled;1407.0;
pinky-blue;1407.0;
pirate-nests;1407.0;
pistes--the;1407.0;
pius--volubilis;1407.0;
plaster-cutters;1407.0;
plateau-and-hill;1407.0;
plon-nourrit;1407.0;
plump-faced;1407.0;
pomegranate-red;1407.0;
pompeiis;1407.0;
portuguese--marrakech;1407.0;
powder-flasks;1407.0;
prayer-carpets;1407.0;
prayer-hour;1407.0;
praying-chapel;1407.0;
praying-hall;1407.0;
pre-islamite;1407.0;
pre-moslem;1407.0;
preserved--none;1407.0;
profiling;703.5;
promiscuities;1407.0;
provincial-looking;1407.0;
quaisarya;1407.0;
quaisarya--fez;1407.0;
rabat--gate;1407.0;
rabat--general;1407.0;
rabat--interior;1407.0;
radiotherapy;1407.0;
railway-sheds;1407.0;
rarb;1407.0;
rarba;1407.0;
razor-handles;1407.0;
reed-roofed;1407.0;
reed-thatched;1407.0;
refuse-heaps;1407.0;
rekka;1407.0;
religious--and;703.5;
repletest;1407.0;
resident-general;1407.0;
revetements;1407.0;
ribat-el-path;1407.0;
ricard;469.0;
robber-town;1407.0;
rock-clamped;1407.0;
rock-growths;1407.0;
roman-byzantine;1407.0;
romano-berber;1407.0;
romano-iberian;1407.0;
roof-plan;1407.0;
round-cheeked;703.5;
rubbish--for;1407.0;
rush-roofed;1407.0;
saadian;1407.0;
saadians;1407.0;
saddle-clothes;1407.0;
saharaa;1407.0;
sale--entrance;1407.0;
sale--interior;1407.0;
sale--market-place;1407.0;
sand-ocean;1407.0;
sand-pits;469.0;
sardine-boxes;1407.0;
scantest;1407.0;
sea-blown;703.5;
sea-pool;1407.0;
sebou;1407.0;
sedentarya;1407.0;
sedrata;1407.0;
sefrou;1407.0;
segonzac;1407.0;
segonzacs;1407.0;
settat;1407.0;
sewing-schools;1407.0;
sfax;1407.0;
short-smocked;1407.0;
show-medersa;1407.0;
shrine--for;1407.0;
sidjilmassa;1407.0;
sight-seer;703.5;
silk--skeins;1407.0;
silk-spinners;1407.0;
silver-bearded;1407.0;
silver-shot;703.5;
singing-girls;1407.0;
single-arch;1407.0;
slave-service;1407.0;
sloughi;1407.0;
sloughis;1407.0;
snowy-robed;1407.0;
souks--the;1407.0;
souna;1407.0;
souss;1407.0;
south--are;1407.0;
spear-crested;1407.0;
start--for;469.0;
steam-cranes;1407.0;
steam-ferry;1407.0;
stone-post;1407.0;
street--fez;1407.0;
street-front;1407.0;
stucco-workers;1407.0;
sugar-cakes;1407.0;
sumptuously-clad;1407.0;
sun-streaked;1407.0;
sunlight--out;1407.0;
supply--meat;1407.0;
tafilelt;1407.0;
tailor-dresses;1407.0;
taleba;1407.0;
tameslout;1407.0;
tamgrout;1407.0;
tangier--cosmopolitan;1407.0;
tawdriest;703.5;
tensif;1407.0;
tent-hangings;1407.0;
terebinth-tree;1407.0;
terrace-roofs;703.5;
thickly-foliaged;1407.0;
threshold--these;1407.0;
throb-throb;1407.0;
thrum-thrum;1407.0;
timgad;1407.0;
tingitanian;1407.0;
tinmel;1407.0;
tizi-n-telremt;1407.0;
tobacco-flowers;1407.0;
tombs--marrakech;1407.0;
town--sale;1407.0;
towns--only;1407.0;
tozeur;1407.0;
traceried;351.75;
tram-lines;703.5;
tree-clumps;1407.0;
trinitarians;351.75;
tunicked;1407.0;
tunnel-vaulting;1407.0;
turquoise-blue;703.5;
types--prevail;1407.0;
un-arab;1407.0;
uncitied;1407.0;
undercutting;469.0;
unsubmissive;703.5;
untapering;1407.0;
vasca;1407.0;
vine-garlanded;703.5;
vine-trellis;469.0;
volubilis--the;1407.0;
volumes--though;1407.0;
votaresses;1407.0;
wall-builders;1407.0;
wall-spaces;1407.0;
walls--for;1407.0;
walls--one;1407.0;
war-policy;703.5;
warlike-looking;703.5;
wealth-loving;1407.0;
weather-bitten;703.5;
weather-silvered;1407.0;
well-heads;1407.0;
wheat--was;1407.0;
white-draped;703.5;
wild-ringleted;1407.0;
within--with;1407.0;
wool-embroidered;1407.0;
wool-merchant;1407.0;
wool-merchants;1407.0;
work--has;1407.0;
yacoub;703.5;
yacoub-el-mansour;1407.0;
yellow-slippered;1407.0;
youssef-ben-tachfin;1407.0;
zallarca;1407.0;
zaouiaa;1407.0;
zaouias;1407.0;
zellijes;1407.0;
zerhoun;1407.0;
11105txt;1407.0;
11105zip;1407.0;
https//wwwgutenbergorg/1/1/1/0/11105/;1407.0;
lost--dashed;1407.0;
well--was;703.5;
whirlpool--they;1407.0;
wicked--when;1407.0;
11106txt;1407.0;
11106zip;1407.0;
3iij;1407.0;
a-hurryin;1407.0;
acts--in;1407.0;
affections--are;1407.0;
alderneys;1407.0;
allopathist;1407.0;
angoras;1407.0;
anuther;469.0;
anybody--some;1407.0;
anything--as;1407.0;
anywhere--into;1407.0;
as--as--as--i;1407.0;
ash-cakes;1407.0;
aubergines;703.5;
back-cracks;1407.0;
bad--hard;1407.0;
bannister--she;1407.0;
barnyards;469.0;
barport;1407.0;
bathing-costume;1407.0;
bathing-master;1407.0;
bed--his;1407.0;
below--she;1407.0;
bicrastus;1407.0;
bidrooms;1407.0;
blazing-eyed;1407.0;
blossom--rich;1407.0;
bouncy;703.5;
bread--though;1407.0;
bright-spirited;1407.0;
brightened--the;1407.0;
brinkly;1407.0;
brinkly--you;1407.0;
brinklys;1407.0;
bromid;1407.0;
brother--which;1407.0;
bulbous-faced;1407.0;
bumble-bee-backed;1407.0;
butterwood;1407.0;
butterwoods;1407.0;
cake--she;1407.0;
census-taker;469.0;
charwork;1407.0;
circuit-riders;469.0;
clopsey;1407.0;
co-residence;1407.0;
coachman--i;1407.0;
coalscuttle;1407.0;
cobhurst;1407.0;
come-up-ence;1407.0;
compounded--not;1407.0;
cook--not;1407.0;
cooking--plain;1407.0;
cookll;703.5;
cow-stable;1407.0;
crispest;469.0;
cropsticks;1407.0;
dirt--for;1407.0;
disgusted--all;1407.0;
docthers;1407.0;
doctorable;1407.0;
dora--and;1407.0;
dora--some;1407.0;
doubleheaded;1407.0;
drane--then;1407.0;
dranes;1407.0;
easten;1407.0;
evarlastin;1407.0;
everything--although;1407.0;
everything--then;1407.0;
expect--till;1407.0;
flower-gardening;1407.0;
foind;1407.0;
forkloads;1407.0;
free-heartedness;1407.0;
funny--calf-feeding;1407.0;
futureward;1407.0;
garret--except;1407.0;
govness;1407.0;
griffing;1407.0;
grocries;1407.0;
had--old;1407.0;
hair-washes;1407.0;
half-pared;1407.0;
hall--for;1407.0;
hartleberry;1407.0;
have--she;351.75;
haverley;1407.0;
haverley-drane;1407.0;
haverleys;1407.0;
haverleys--two;1407.0;
havley;1407.0;
hay--ralph;1407.0;
hay-cutter;703.5;
hay-scents;1407.0;
hay-strewn;1407.0;
haylofts;703.5;
haymows;1407.0;
haywagons;1407.0;
heatin;1407.0;
him--probably;1407.0;
hire--no;1407.0;
house--actually;1407.0;
https//wwwgutenbergorg/1/1/1/0/11106/;1407.0;
hurt--not;1407.0;
hypothetic;1407.0;
important--would;1407.0;
independent--might;1407.0;
innocentest;703.5;
it--ash-cakes;1407.0;
iverybody;703.5;
ixtent;1407.0;
jackbox;1407.0;
joke--an;1407.0;
kindlin;703.5;
kirridge;1407.0;
kitten--;1407.0;
lamp-chimbleys;1407.0;
lavand;1407.0;
lie-power;1407.0;
little--by;1407.0;
meaders;1407.0;
michael--a;1407.0;
milk-stained;1407.0;
monkleys;1407.0;
moonlighted;1407.0;
moxley;703.5;
mrs--scuse;1407.0;
now--pascalville;1407.0;
often--the;469.0;
old--nearly;1407.0;
one-er;1407.0;
over-inquisitive;1407.0;
over-luxuriant;1407.0;
ox-chains;1407.0;
pacewalk;1407.0;
pacewalks;1407.0;
padlock--there;1407.0;
pahm;1407.0;
panney;1407.0;
panney--;1407.0;
panney--and;1407.0;
panney--for;1407.0;
panney--miss;1407.0;
panneyll;1407.0;
panneyopathic;1407.0;
panneyopathy;1407.0;
panneys;1407.0;
pardell;1407.0;
pardells;1407.0;
pascalville;1407.0;
pends;1407.0;
pie--a;1407.0;
pie--such;1407.0;
pink-headed;1407.0;
pizenin;1407.0;
plaster--;1407.0;
point--even;703.5;
points--you;1407.0;
porpoise-built;1407.0;
pos-office;1407.0;
puffiest;1407.0;
pussons;703.5;
quinia;1407.0;
rockier;703.5;
rum-flake;1407.0;
seapuss;1407.0;
self-introductions;1407.0;
seraphina--seraphina;1407.0;
seraphiny;1407.0;
seven-ten;1407.0;
shafs;1407.0;
shawl-enwrapped;1407.0;
shetting;1407.0;
silver-tinted;703.5;
single-mindedly;1407.0;
sir--ramshackle;1407.0;
situation--mrs;1407.0;
slop-cook;1407.0;
smile--one;703.5;
society--especially;1407.0;
soft-minded;1407.0;
soup-slopper;1407.0;
southen;703.5;
sparrers;1407.0;
spenses;469.0;
sphlit;1407.0;
stables--which;1407.0;
stairs--it;1407.0;
sugar--which;1407.0;
sunny-minded;1407.0;
supperll;1407.0;
surface--she;1407.0;
swape;1407.0;
table--if;1407.0;
table--she;1407.0;
tagious;1407.0;
tall--who;1407.0;
tea--or;1407.0;
teaberries;1407.0;
teeth--what;1407.0;
thard;1407.0;
them--mother;1407.0;
thims;1407.0;
things--nice;1407.0;
this--were;1407.0;
thorbury;1407.0;
thorbury--i;1407.0;
three-inch-deep;1407.0;
throne-covering;1407.0;
tid-bit;703.5;
time--dora;1407.0;
tolati;1407.0;
tolbridge;1407.0;
tolbridge--for;1407.0;
tolbridges;1407.0;
tooney;1407.0;
torry;703.5;
trotting-wagon;1407.0;
upper-toned;1407.0;
upsottin;1407.0;
victuals--;1407.0;
village--;703.5;
vow-fright;1407.0;
waited--fairly;1407.0;
water-monkeys;1407.0;
well--excepting;1407.0;
white-washin;1407.0;
wittons;1407.0;
working-girl--nothing;1407.0;
xactly;703.5;
11107txt;1407.0;
11107zip;1407.0;
also--for;281.4;
arnold----;1407.0;
arnold--and;1407.0;
arnold--see;1407.0;
arnold--this;1407.0;
arnold--who;1407.0;
arrival--character;1407.0;
avenger--an;1407.0;
bechin;1407.0;
bible--lesson;1407.0;
calixtan;1407.0;
calixtans;1407.0;
calixtans2;1407.0;
commanded--do;1407.0;
discovered--his;1407.0;
enemies--distress;1407.0;
enemies--you;1407.0;
enemy--afterwards;1407.0;
enemy--arnold;1407.0;
erard;351.75;
erard--pursuit;1407.0;
ethbert;1407.0;
ethbert----;1407.0;
executioners--is;1407.0;
followed--hildegarde;1407.0;
forgiveness--theobalds;1407.0;
good--since;1407.0;
gottfried--the;1407.0;
gottfrieds;1407.0;
grace----;1407.0;
horse--midnight;1407.0;
horseman--rescue;1407.0;
https//wwwgutenbergorg/1/1/1/0/11107/;1407.0;
hussites;1407.0;
injury--an;1407.0;
injustice--our;1407.0;
instruction--return;1407.0;
jesus--it;1407.0;
jesus--they;1407.0;
jesus--this;1407.0;
judge--an;1407.0;
lion--hatred;1407.0;
lord--theobald;1407.0;
loves--who;1407.0;
man--blood;1407.0;
mary---;1407.0;
mary--theobald;1407.0;
narrative--family;1407.0;
night--alas;1407.0;
papa--it;1407.0;
papa--the;703.5;
prague1;1407.0;
presence--he;703.5;
rothenwald;1407.0;
rothenwald----;1407.0;
seem----;703.5;
son--very;1407.0;
surnamed----;1407.0;
surprise--absence;1407.0;
sword--mine;1407.0;
taborites;1407.0;
taborites3;1407.0;
theobald--and;1407.0;
theobald--it;1407.0;
theobald--worship;1407.0;
waldhaus;1407.0;
warrior----;1407.0;
warriors--mutual;1407.0;
winkelthal;1407.0;
wounded--theobalds;1407.0;
yes--soldiers;1407.0;
zion--who;1407.0;
ziska--do;1407.0;
11108txt;1407.0;
11108zip;1407.0;
abendluft;1407.0;
aberglaeubisch;1407.0;
abern;1407.0;
abfindung;1407.0;
abfuettern;1407.0;
abgeblaetterten;1407.0;
abgedankten;1407.0;
abgelegenes;1407.0;
abgenoetigt;1407.0;
abgenutzten;1407.0;
abgepresst;1407.0;
abgestanden;1407.0;
abhebenden;1407.0;
abhob;1407.0;
abhold;1407.0;
ablassen;1407.0;
ablassend;1407.0;
ablehnen;1407.0;
ablehnung;1407.0;
abmagern;1407.0;
abnahme;1407.0;
abnehmenden;1407.0;
abneigung;1407.0;
abraeumte;1407.0;
absage;1407.0;
absperren;1407.0;
abthuend;1407.0;
abweichende;1407.0;
abweisen;1407.0;
abweisung;1407.0;
abzugeben;1407.0;
abzukaufen;1407.0;
abzulagern;1407.0;
abzuzaehlen;1407.0;
achtzehnjaehrige;1407.0;
achtzehnjaehrigen;1407.0;
adr;703.5;
aechzend;1407.0;
aechzte;1407.0;
aehnelte;1407.0;
aelplers;1407.0;
aergerliche;1407.0;
aermeln;1407.0;
aktiven;1407.0;
alberte;1407.0;
albumbesehen;1407.0;
allabendlich;1407.0;
alleinseins;1407.0;
alleinstehende;1407.0;
alpenveilchen;1407.0;
alpenveilchens;1407.0;
alsterlust;1407.0;
althergebrachten;1407.0;
altonaer;1407.0;
altvaeterische;1407.0;
altweiberunsinn;1407.0;
amtsfreier;1407.0;
amuesanter;1407.0;
amuesiert;1407.0;
amuesierte;1407.0;
anbelangte;1407.0;
anblitzte;1407.0;
andachtsvollem;1407.0;
andeutungen;1407.0;
aneinandergedraengt;1407.0;
aneinandergereiht;1407.0;
anfaenglich;1407.0;
anfahren;1407.0;
anfalls;1407.0;
anfangsgehalt;1407.0;
anfertigen;1407.0;
anfertigung;1407.0;
anfindende;1407.0;
anflug;1407.0;
angeheftete;1407.0;
angeheiterte;1407.0;
angelaufene;1407.0;
angelte;1407.0;
angemessensten;1407.0;
angeredeten;1407.0;
angestrichenen;1407.0;
angethan;1407.0;
angewachsen;1407.0;
anghaenglich;1407.0;
anginge;1407.0;
angriffskraefte;1407.0;
anhaltenden;1407.0;
animiert;1407.0;
anklage;1407.0;
ankleiden;1407.0;
anknuepfend;1407.0;
ankoemmlinge;1407.0;
ankuendigt;1407.0;
anlaecheln;1407.0;
anliegenden;1407.0;
annahme;1407.0;
annehmbare;1407.0;
anners;1407.0;
anordnungen;1407.0;
anprall;1407.0;
anregungen;1407.0;
anspruchsvollen;1407.0;
anstellig;1407.0;
anstrengungslos;1407.0;
anstrengungslose;1407.0;
antatzerei;1407.0;
antrags;1407.0;
anziehst;1407.0;
anziehungskraft;1407.0;
anzubieten;1407.0;
anzurufen;1407.0;
apparate;703.5;
arbeiterfrau;1407.0;
arbeitszimmers;1407.0;
arrangierte;1407.0;
arrangierten;1407.0;
artete;1407.0;
asn;703.5;
atems;1407.0;
atmend;1407.0;
auchn;1407.0;
aufatmend;1407.0;
aufbesserung;1407.0;
auffaellig;1407.0;
auffaelligen;1407.0;
auffallendem;1407.0;
auffischen;1407.0;
aufgedrungene;1407.0;
aufgefundenen;1407.0;
aufgeklaerte;1407.0;
aufgeraeumter;1407.0;
aufgerissene;1407.0;
aufgeschossen;1407.0;
aufgeschuerztem;1407.0;
aufgespeicherten;1407.0;
aufgestossen;1407.0;
aufheiternd;1407.0;
aufkreischenden;1407.0;
auflodernden;1407.0;
aufmach;1407.0;
aufn;1407.0;
aufpasser;1407.0;
aufreihend;1407.0;
aufrichten;1407.0;
aufrichtigem;1407.0;
aufrichtiges;1407.0;
aufschnitt;1407.0;
aufschrein;1407.0;
aufschwaetzen;1407.0;
aufspeicherten;1407.0;
aufspritzen;1407.0;
aufwallung;1407.0;
aufwies;1407.0;
aufwuehlende;1407.0;
augenglaeser;1407.0;
augustinerbraeus;1407.0;
ausartung;1407.0;
ausbesserungen;1407.0;
ausbrach;1407.0;
ausbreitung;1407.0;
ausdruckslosen;1407.0;
ausfahrt;1407.0;
ausfall;1407.0;
ausflueglern;1407.0;
ausfragern;1407.0;
ausfuehrlichkeit;1407.0;
ausgebesserte;1407.0;
ausgehsonntag;1407.0;
ausgehtag;1407.0;
ausgeladene;1407.0;
ausgelassener;1407.0;
ausgesoehnt;1407.0;
ausgesteuert;1407.0;
ausgetretenen;1407.0;
ausgetrockneten;1407.0;
ausgleichenden;1407.0;
ausgoss;1407.0;
auskoemmliche;1407.0;
auskommen;1407.0;
auslag;1407.0;
auslangend;1407.0;
ausmalt;1407.0;
ausn;1407.0;
ausnaehme;1407.0;
ausreissen;1407.0;
ausreissers;1407.0;
ausrufungszeichen;1407.0;
ausschauende;1407.0;
ausschlagend;1407.0;
ausschlaggebend;1407.0;
aussehender;1407.0;
auswerfen;1407.0;
auszufahren;1407.0;
auszustrecken;1407.0;
automatische;1407.0;
automatischen;703.5;
autoritaet;1407.0;
avancen;1407.0;
backfisch;1407.0;
backfischen;1407.0;
baeuchlings;1407.0;
bahnhofsinspektor;1407.0;
bahrtuch;1407.0;
balancierend;1407.0;
baldige;1407.0;
balgerei;1407.0;
ballte;1407.0;
balltoilette;1407.0;
banalen;1407.0;
bangte;1407.0;
bannig;1407.0;
barbiergehilfe;1407.0;
barmbeck;1407.0;
barmbecker;1407.0;
barschem;1407.0;
baums;703.5;
bauschte;1407.0;
beachte;1407.0;
beachtung;1407.0;
beaengstigender;1407.0;
beanspruchen;1407.0;
beantworten;1407.0;
bebauten;1407.0;
bedauerndem;1407.0;
bedauernswerte;1407.0;
bedeckend;1407.0;
bedenkzeit;1407.0;
bedeutenderes;1407.0;
bedeutete;1407.0;
bedeutungsvollem;1407.0;
beehrte;1407.0;
beeintraechtigen;1407.0;
beeintraechtigung;1407.0;
beendete;1407.0;
beengte;1407.0;
beerdigung;1407.0;
befriedigter;1407.0;
befruchtenden;1407.0;
begehrliche;1407.0;
begehrlichen;1407.0;
begehrt;1407.0;
begeifert;1407.0;
begraebnisses;1407.0;
begriffsstuetzig;1407.0;
beguenstigte;1407.0;
behandschuhten;1407.0;
behnsch;1407.0;
behnsche;1407.0;
behnschen;1407.0;
beigegebene;1407.0;
beimischten;1407.0;
beinkleid;1407.0;
beisst;1407.0;
beizende;1407.0;
belaechelte;1407.0;
belag;1407.0;
belehrung;1407.0;
beleidigtes;1407.0;
beliebtes;1407.0;
bellermann;1407.0;
beluegen;1407.0;
bemerkbar;1407.0;
bemessenen;1407.0;
benachbarter;1407.0;
benaesste;1407.0;
beneidete;1407.0;
benoetigte;1407.0;
benutzung;1407.0;
beobachtend;1407.0;
bergbahn;1407.0;
bergedorf;1407.0;
berichtigte;1407.0;
beruehrten;1407.0;
beschoenigungen;1407.0;
beschwichtigender;1407.0;
beseelen;1407.0;
besiegen;1407.0;
besiegend;1407.0;
besprengt;1407.0;
bestaubten;1407.0;
bestechliche;1407.0;
bestrebt;1407.0;
bestuerztes;1407.0;
besuchst;1407.0;
besudelt;1407.0;
betaetigte;1407.0;
beteiligte;1407.0;
beteuerte;1407.0;
betonte;1407.0;
betreff;703.5;
betroffenen;1407.0;
bettlaegerig;1407.0;
beuthien;1407.0;
beuthiens;1407.0;
bevorzugend;1407.0;
beweiben;1407.0;
bezeichnend;1407.0;
bezichtigte;1407.0;
bienenkorb;703.5;
bienenkorbartige;1407.0;
bier-;1407.0;
bierdunst;1407.0;
bierfreund;1407.0;
biergenuss;1407.0;
bierseidel;1407.0;
bierwagen;1407.0;
bierwasser;1407.0;
bindfaden;1407.0;
bischen;1407.0;
biskuitvase;1407.0;
bismarckfarbenen;1407.0;
bitterboese;1407.0;
blasse;1407.0;
blechernen;1407.0;
bleichsuechtige;1407.0;
blinzelte;1407.0;
blomenpott;1407.0;
blondkopf;1407.0;
bluetenkronen;1407.0;
blumenkoerbchen;1407.0;
blumenlied;1407.0;
blumenueberhaeuftem;1407.0;
bluse;1407.0;
boegen;1407.0;
boeschung;1407.0;
borstiger;1407.0;
botenlohn;1407.0;
brachen;1407.0;
braeutliche;1407.0;
brasilianer;1407.0;
brauselimonade;1407.0;
brautleute;1407.0;
breitrandigem;1407.0;
briefbeschwerers;1407.0;
briefbogens;1407.0;
brockenweise;1407.0;
brottraeger;1407.0;
bruenette;1407.0;
brueten;1407.0;
brummkreiselte;1407.0;
brusttasche;1407.0;
brusttaschen;1407.0;
brutalen;703.5;
buergersleuten;1407.0;
buerste;1407.0;
bummelnden;1407.0;
buntfarbige;1407.0;
buntfarbiger;1407.0;
burrte;1407.0;
busch-;1407.0;
buschumsaeumte;1407.0;
butterblume;1407.0;
buxtehuder;1407.0;
cachemir;1407.0;
carolinens;1407.0;
chartreusestimmung;1407.0;
chocoladenautomat;1407.0;
chokiert;1407.0;
cigarren;1407.0;
cigarrendunst;1407.0;
cigarrenschrank;1407.0;
citatenaufwand;1407.0;
citrone;1407.0;
comptoirzimmer;1407.0;
coniferen;1407.0;
dahingelebt;1407.0;
damenpublikum;1407.0;
damens;1407.0;
dammthorbahnhof;1407.0;
danzt;1407.0;
daumen;1407.0;
deernsvolk;1407.0;
deiche;1407.0;
deit;1407.0;
demuetigem;1407.0;
derartiges;1407.0;
derbes;1407.0;
derbknochige;1407.0;
dickem;1407.0;
dienstmaedchenkostueme;1407.0;
dienstmaedchens;1407.0;
dienstwillig;1407.0;
dieselbigen;1407.0;
dirigierte;1407.0;
discher;1407.0;
diskant;1407.0;
diskret;1407.0;
distinguierten;1407.0;
dohn;1407.0;
dominierendes;1407.0;
donauwalzers;1407.0;
donnernder;1407.0;
doppelspiel;1407.0;
doppelverlobung;1407.0;
dorto;1407.0;
drahtboegen;1407.0;
drehorgel;1407.0;
droschken;1407.0;
droschkenkutscher;1407.0;
droschkenpferd;1407.0;
duebel;1407.0;
duechtig;1407.0;
duffem;1407.0;
dumpfer;1407.0;
dumpfigen;1407.0;
dunkelaeugige;1407.0;
dunkelbraunen;1407.0;
dunkelbraunes;1407.0;
dunkelrote;1407.0;
dunkelwerden;1407.0;
durchbrochen;1407.0;
durchbruch;1407.0;
durchdringender;1407.0;
durchdringendes;1407.0;
durchgelassen;1407.0;
durchschnitts;1407.0;
duzbruederschaft;1407.0;
eckkeller;1407.0;
eckladens;1407.0;
eenunsoestig;1407.0;
egene;1407.0;
ehrengast;1407.0;
eigenartig;1407.0;
einblick;1407.0;
einfachere;1407.0;
einfassung;1407.0;
einfloesste;1407.0;
eingebildet;1407.0;
eingebildeten;1407.0;
eingefuehrte;1407.0;
eingeschlaefert;1407.0;
eingestellt;1407.0;
eingestrichen;1407.0;
einging;1407.0;
einladungskarten;1407.0;
einlud;1407.0;
einpurren;1407.0;
einschaerfte;1407.0;
einschenkte;1407.0;
einschmeichelndes;1407.0;
einsprache;1407.0;
einsteckte;1407.0;
einsteigen;1407.0;
einstellte;1407.0;
einstellten;1407.0;
einstige;1407.0;
einstimmte;1407.0;
eintraf;1407.0;
einwickelnd;1407.0;
einzukehren;1407.0;
elbabwaerts;1407.0;
elbdampfer;1407.0;
elbschlucht;1407.0;
elbstrom;1407.0;
elegiezither;1407.0;
elektrisierapparat;1407.0;
elfenbeinkarte;1407.0;
ellbogenstoss;1407.0;
empfaenglicher;1407.0;
empfaengliches;1407.0;
empfangend;1407.0;
empfindlichere;1407.0;
empfindsameren;1407.0;
endgiltig;1407.0;
endpunkt;1407.0;
engagierte;1407.0;
enganschliessendes;1407.0;
entdeckungsfalle;1407.0;
entflammte;1407.0;
entflog;1407.0;
entgang;1407.0;
entgegenbrachte;1407.0;
entgegeneilte;1407.0;
entgegenfuehren;1407.0;
entgegenkommendes;1407.0;
entgegennehmen;1407.0;
entging;1407.0;
entladung;1407.0;
entledigen;1407.0;
entlockte;1407.0;
entnehmen;1407.0;
entrichten;1407.0;
entruestete;1407.0;
entschiedenste;1407.0;
entschlug;1407.0;
entschuldigend;1407.0;
entsinnen;1407.0;
entsprach;1407.0;
entsprechend;1407.0;
entstiegen;1407.0;
entstroemte;1407.0;
entzueckens;1407.0;
entzweiung;1407.0;
erbauungsbeduerftigen;1407.0;
erblassend;1407.0;
erdendingen;1407.0;
erdrueckte;1407.0;
ereignisses;1407.0;
erfinderisch;1407.0;
ergiebige;1407.0;
ergiebigeres;1407.0;
erhaschte;1407.0;
erhebend;1407.0;
erheucheln;1407.0;
erheuchelnd;1407.0;
erhitzten;1407.0;
erhoffte;1407.0;
erkaeltet;1407.0;
erkaeltung;1407.0;
erkenntlichen;1407.0;
erklaerlichem;1407.0;
erkrankten;1407.0;
erkundigung;1407.0;
erlahmte;1407.0;
erlangten;1407.0;
erlebte;1407.0;
ermoeglichen;1407.0;
ermoeglichte;1407.0;
erneutem;1407.0;
ernsteres;1407.0;
ernstlichem;1407.0;
ernstlicher;1407.0;
erntete;1407.0;
ernuechtert;1407.0;
erproben;1407.0;
erroetet;1407.0;
erschrockene;1407.0;
erstgeborene;1407.0;
erstickend;1407.0;
erstickenden;1407.0;
erstrahlte;1407.0;
erstreckte;1407.0;
ertoenet;1407.0;
ertrunkenen;1407.0;
erwidernd;1407.0;
erwiderung;1407.0;
erwischen;1407.0;
erwuchs;1407.0;
etagenwohnungen;1407.0;
etelka;1407.0;
etepetete;1407.0;
exotisches;1407.0;
extrastraeusschen;1407.0;
extravaganz;1407.0;
fabelhaftes;1407.0;
fabrikarbeiterinnen;1407.0;
fachmaennische;1407.0;
faechelnd;1407.0;
faedchen;1407.0;
faeltchen;1407.0;
fahrgaeste;1407.0;
fahrgesellschaft;1407.0;
fahrigen;1407.0;
fahrwasser;1407.0;
familienball;1407.0;
familienfesttages;1407.0;
familienzusammengehoerigkeit;1407.0;
fands;1407.0;
faustdick;1407.0;
federbarett;1407.0;
federgarnitur;1407.0;
fegte;1407.0;
feindliches;1407.0;
feinfuehligkeit;1407.0;
feingefuehl;1407.0;
feinstem;1407.0;
feldstrasse;1407.0;
fertigstellung;1407.0;
fesselte;1407.0;
festgenossen;1407.0;
festkaffee;1407.0;
festlichkeit;1407.0;
festmahl;1407.0;
festprogramm;1407.0;
festprogramms;1407.0;
festtage;1407.0;
festtages;1407.0;
fettigen;1407.0;
fieberhafter;1407.0;
filzhut;1407.0;
finsterblickende;1407.0;
fischerin;1407.0;
flaeschchen;1407.0;
flauen;1407.0;
flausrock;1407.0;
fleischmulde;1407.0;
fliege;1407.0;
fliegendem;1407.0;
flietigen;1407.0;
flottbecker;1407.0;
fluechtende;1407.0;
fluechtling;1407.0;
fluesschens;1407.0;
fluesternde;1407.0;
foehrt;1407.0;
foerderte;1407.0;
folgewagen;1407.0;
fordere;1407.0;
fragender;1407.0;
frager;1407.0;
frauenspersonen;1407.0;
fraulichen;1407.0;
freches;1407.0;
freiers;1407.0;
freigegebene;1407.0;
freigiebigen;1407.0;
freudestrahlend;1407.0;
freudlosen;1407.0;
frischt;1407.0;
frisur;1407.0;
frohnes;1407.0;
frohsinn;1407.0;
frostnacht;1407.0;
fruehgeburt;1407.0;
fruehkaffee;1407.0;
fruehlandschaft;1407.0;
fruehlingsabendgang;1407.0;
fruehstueckskeller;1407.0;
fruehzeitigen;1407.0;
fruehzug;1407.0;
fruendschaft;1407.0;
fuellung;1407.0;
fuenffachen;1407.0;
fuenfjaehrigen;1407.0;
fuenfunddreissig;1407.0;
fuererst;1407.0;
fuhrgeschaeft;1407.0;
fuhrlohn;1407.0;
fuhrmannssohn;1407.0;
fussscharren;1407.0;
futterkammer;1407.0;
futterkiste;1407.0;
gabeln;1407.0;
gaertnerstrasse;1407.0;
galanter;1407.0;
galanteriedegen;1407.0;
galoschen;1407.0;
galten;1407.0;
garderobegeld;1407.0;
garderobenfrau;1407.0;
garniert;1407.0;
garnitur;1407.0;
gartenkonzerte;1407.0;
gaumens;1407.0;
geaengstigte;1407.0;
geaergerten;1407.0;
gebaeck;1407.0;
gebahnt;1407.0;
gebahren;1407.0;
geballten;1407.0;
gebeichtet;1407.0;
geberde;1407.0;
gebotene;1407.0;
gebrach;1407.0;
gebraeunten;1407.0;
gebrauchend;1407.0;
gebundenes;1407.0;
geckenhafter;1407.0;
gedaechte;1407.0;
gediegen;1407.0;
gediegenen;1407.0;
gedreht;1407.0;
gedruecktheit;1407.0;
geduldigen;703.5;
geehrte;1407.0;
geehrter;1407.0;
gefaehrts;1407.0;
gefaelligkeiten;1407.0;
gefahrlosen;1407.0;
gefallsuechtig;1407.0;
gefasstheit;1407.0;
gefiehl;1407.0;
gefleckter;1407.0;
gefoellt;1407.0;
gefroren;1407.0;
gefuegiger;1407.0;
gefuehlsausbruch;1407.0;
gefuehlsausbruechen;1407.0;
gegenseitiger;1407.0;
gehaekelten;1407.0;
gehaenselt;1407.0;
gehaltes;1407.0;
gehegten;1407.0;
gehilfin;1407.0;
gehrock;1407.0;
gehuepfe;1407.0;
gehuscht;1407.0;
geistvolle;1407.0;
gekanntes;1407.0;
gekreuzten;1407.0;
gekriegt;1407.0;
gekuehlt;1407.0;
gekuendigten;1407.0;
gelangweilt;1407.0;
gelbblasse;1407.0;
gelbbraunen;1407.0;
geleerte;1407.0;
gelesener;1407.0;
gemassregelte;1407.0;
gemuesefrau;1407.0;
gemuetlichem;1407.0;
gemuetliches;1407.0;
gemuetsruhe;1407.0;
geneigter;1407.0;
genossenen;1407.0;
gentilitaet;1407.0;
genuegenden;1407.0;
genuegender;1407.0;
genugthuung;1407.0;
genussfreudige;1407.0;
genussreichen;1407.0;
geplagten;1407.0;
geplagteste;1407.0;
gequaelten;1407.0;
geraecht;1407.0;
geranienpflanzen;1407.0;
geratenen;1407.0;
gerede;1407.0;
gereichten;1407.0;
geringfuegigen;1407.0;
geroeteter;1407.0;
geruechte;1407.0;
gesaeumt;1407.0;
gesangbuches;1407.0;
gesangvereinen;1407.0;
gesangvereins;1407.0;
geschaeftes;1407.0;
geschaefts-;1407.0;
geschaeftsbesuch;1407.0;
geschaeftsbesuche;1407.0;
geschaeftseifer;1407.0;
geschaeftskellers;1407.0;
geschaeftsreisenden;1407.0;
geschaeftsruecksichten;1407.0;
geschaeftsthaetigkeit;1407.0;
geschaeftstuechtigkeit;1407.0;
gescheuerte;1407.0;
gescheut;1407.0;
gescheute;1407.0;
geschlagene;1407.0;
geschmacklose;1407.0;
geschmacklosen;1407.0;
geschmeichelte;1407.0;
geschniegelter;1407.0;
geschriebenes;1407.0;
geschult;1407.0;
geschwaermt;1407.0;
geschwaetzigkeit;1407.0;
gesellschafter;1407.0;
gesellschaftsanzug;1407.0;
gesichertes;1407.0;
gesichtes;1407.0;
gesichtszierde;1407.0;
gesonnt;1407.0;
gespendetes;1407.0;
gespraechsweise;1407.0;
gespringe;1407.0;
gespritzt;1407.0;
gestaehlt;1407.0;
gesteinigt;1407.0;
gestemmt;1407.0;
gestohlene;1407.0;
gestreift;1407.0;
gestreiften;1407.0;
gestreut;1407.0;
gestrige;1407.0;
gestuerzte;1407.0;
gestuerzten;1407.0;
gestutzt;1407.0;
gesumme;1407.0;
gesundet;1407.0;
getoastet;1407.0;
getraenk;1407.0;
getragene;1407.0;
getrocknet;1407.0;
gewagten;1407.0;
gewaschenen;1407.0;
gewatet;1407.0;
gewinner;1407.0;
gewissensbisse;1407.0;
gewitterig;1407.0;
gewohnheitsseufzer;1407.0;
gewohntem;1407.0;
gewonnene;1407.0;
gewordenes;1407.0;
gezaehlt;1407.0;
giebt;703.5;
gigerlmarsches;1407.0;
gistern;1407.0;
glaette;1407.0;
glasbedachten;1407.0;
glatteis;1407.0;
glattgescheitelter;1407.0;
glaubend;1407.0;
gleichfarbigen;1407.0;
gleichgestimmten;1407.0;
gleichgiltig;1407.0;
gleichgiltigen;1407.0;
gleichmuetig;1407.0;
gleichmuetigen;1407.0;
glitzerndem;1407.0;
glockenklang;1407.0;
gloew;1407.0;
glucksenden;1407.0;
gluecken;1407.0;
gluehenderen;1407.0;
goerbers;1407.0;
gotteswillen;703.5;
grabesstimme;1407.0;
gradezu;1407.0;
grammatikalische;1407.0;
grasreichen;1407.0;
gratulationsvisite;1407.0;
gratuleer;1407.0;
gratuliert;1407.0;
grauenhafter;1407.0;
greif;1407.0;
griesgraemlicheren;1407.0;
grinsen;1407.0;
grogk;1407.0;
grossblaettriger;1407.0;
grossgebluemten;1407.0;
gruengestrichenen;1407.0;
gruenschnaebel;1407.0;
gruselig;1407.0;
guckst;1407.0;
guertelumschlossenen;1407.0;
gummischuhen;1407.0;
gutenachtkuss;1407.0;
gutgepflegten;1407.0;
gutherziger;1407.0;
haarnadeln;1407.0;
haarnadelpaeckchen;1407.0;
hackenschlag;1407.0;
haekeln;1407.0;
haenden--er;1407.0;
haeringsbaendigern;1407.0;
haesslicher;1407.0;
haeufiges;1407.0;
haeuserlosen;1407.0;
hafenbeamten;1407.0;
haftete;1407.0;
halberschlossene;1407.0;
halbgeleertes;1407.0;
halblaute;1407.0;
halbtrauer;1407.0;
halbvermorschtes;1407.0;
halme;1407.0;
halsband;469.0;
halskrause;1407.0;
handelsmann;1407.0;
handhabe;1407.0;
handharmonika;1407.0;
handkuss;1407.0;
handruecken;1407.0;
handstein;1407.0;
handwerkszeug;1407.0;
hanseaten;1407.0;
harst;703.5;
hastete;1407.0;
hastiges;1407.0;
haupteslaenge;1407.0;
hauptnummer;1407.0;
haus-;1407.0;
hausbesitzer;1407.0;
hausbesitzers;1407.0;
hausbesitzerstochter;1407.0;
hausfriedens;1407.0;
hausknechte;1407.0;
hausknechten;1407.0;
hausthuer;1407.0;
hauswesens;1407.0;
hautfalte;1407.0;
hebbt;1407.0;
heftigem;1407.0;
heftigste;703.5;
hegte;1407.0;
heimlicher;1407.0;
heimlichkeit;1407.0;
heimlichkeiten;1407.0;
heinecke;1407.0;
heineckes;1407.0;
heinicke;1407.0;
heiratsfaehig;1407.0;
heiratsfaehige;1407.0;
heiratsgedanken;1407.0;
heiratsplaenen;1407.0;
heiterster;1407.0;
helfer;1407.0;
hellaeugigen;1407.0;
hellblauer;1407.0;
hellblaues;1407.0;
hellgrauen;1407.0;
hellgrauer;1407.0;
hellrotem;1407.0;
hellsichtig;1407.0;
henn;1407.0;
herabfallen;1407.0;
herabgelassenen;1407.0;
herabhaengenden;1407.0;
herablassung;1407.0;
herabsteigen;1407.0;
herabwallenden;1407.0;
herangetreten;1407.0;
herankommen;1407.0;
herausplatzte;1407.0;
herauszufordern;1407.0;
herbstliche;1407.0;
herdfeuer;1407.0;
herrenbegleitung;1407.0;
herrenfilz;1407.0;
herrengesellschaft;1407.0;
herrenkreis;1407.0;
herrichtung;1407.0;
herrjeses;1407.0;
herunterglitt;1407.0;
herunterrauschen;1407.0;
heruntersang;1407.0;
hervorhoben;1407.0;
herzensbeduerfnis;1407.0;
herzenston;1407.0;
herzlose;1407.0;
hetzjagd;1407.0;
heuchelthraenen;1407.0;
hierselbst;1407.0;
hinaufgearbeitet;1407.0;
hinausgestarrt;1407.0;
hineingearbeitet;1407.0;
hineinschwankenden;1407.0;
hingebende;1407.0;
hinstarrte;1407.0;
hinterbraechte;1407.0;
hinterlassen;1407.0;
hinterlassenschaft;1407.0;
hintern;1407.0;
hinterrad;1407.0;
hinundherwenden;1407.0;
hinunterstuermen;1407.0;
hinwegkommen;1407.0;
hinweis;1407.0;
hinzugelernt;1407.0;
hochatmend;1407.0;
hochdeutsch;1407.0;
hochmuetigen;1407.0;
hochstielige;1407.0;
hoeherschrauben;1407.0;
hoehnte;1407.0;
hoekersleuten;1407.0;
hoellt;1407.0;
hoerern;1407.0;
hoffenden;1407.0;
hoffnungsfreudiger;1407.0;
hoffnungsfreudigkeit;1407.0;
holpernden;1407.0;
holsteinischen;1407.0;
holzstaeben;1407.0;
homann;1407.0;
hopf;1407.0;
hopsen;1407.0;
hornhardt;1407.0;
hornhardts;1407.0;
hornknoepfe;1407.0;
https//wwwgutenbergorg/1/1/1/0/11108;1407.0;
huehnerhund;1407.0;
huehnerstalles;1407.0;
huepfte;1407.0;
huetete;1407.0;
huflattich;1407.0;
hugelmann;1407.0;
huldigte;1407.0;
huldigten;1407.0;
hundstage;1407.0;
husten;1407.0;
hustens;1407.0;
illusionen;1407.0;
immortellenblueten;1407.0;
indiebrustwerfen;1407.0;
inhaberin;1407.0;
inhaltsschweren;1407.0;
inniggeliebtes;1407.0;
insassinnen;1407.0;
intelligentere;1407.0;
intimitaet;1407.0;
intonierte;1407.0;
irdenen;1407.0;
jaehem;1407.0;
jagdwagen;1407.0;
jau;703.5;
jawortes;1407.0;
juedischer;1407.0;
juengstes;1407.0;
juergens;1407.0;
jugendbekanntschaft;1407.0;
jugenderinnerungen;1407.0;
jugendfreundin;1407.0;
jugendfrische;1407.0;
jugendkraeftigen;1407.0;
kachelofen;1407.0;
kaempfendes;1407.0;
kaerglich;1407.0;
kaesten;1407.0;
kaeufer;1407.0;
kaeuferin;1407.0;
kaeufliche;1407.0;
kaffeetassen;1407.0;
kaffeetrinkerin;1407.0;
kaiser-friedrich-kopf;1407.0;
kajuetenwand;1407.0;
kalifen;1407.0;
kammertuch;1407.0;
kampfstimmung;1407.0;
kandelaberartig;1407.0;
kannenmass;1407.0;
kargen;1407.0;
kartenlegen;1407.0;
kartoffelkiepe;1407.0;
kartoffelschaelen;1407.0;
katteker;1407.0;
kattungardinen;1407.0;
kattunkleid;1407.0;
kattunkleider;1407.0;
kauf;1407.0;
kaufkraft;1407.0;
kaufmaennische;1407.0;
kaufmaennischen;1407.0;
kaufmannslehrling;1407.0;
keckere;1407.0;
keckheit;1407.0;
keenen;1407.0;
keerl;1407.0;
keinenfalls;1407.0;
kellergewoelbes;1407.0;
kellersleuten;1407.0;
kerniger;1407.0;
kerze;1407.0;
ketterers;1407.0;
keuchenden;1407.0;
keuchte;1407.0;
kichernde;1407.0;
kieck;1407.0;
kiesbestreuten;1407.0;
kindereien;1407.0;
kindersoeckchen;1407.0;
kindertagen;1407.0;
kinnbart;1407.0;
kirchenchor;1407.0;
kirchenchors;1407.0;
kirchenlicht;1407.0;
kirchenthuer;1407.0;
kirchgaengern;1407.0;
kirschrote;1407.0;
klageliedern;1407.0;
klapperte;1407.0;
klatsch;1407.0;
klaveerstimmen;1407.0;
kleiderbuerste;1407.0;
kleiderschrank;1407.0;
kleidete;1407.0;
klette;1407.0;
klimpern;1407.0;
klimpert;1407.0;
klirrendem;1407.0;
klubzimmer;1407.0;
knaul;1407.0;
kniept;1407.0;
knopfkraemer;1407.0;
knopfloecher;1407.0;
knuffen;1407.0;
koechin;1407.0;
koechinnen;1407.0;
koedern;1407.0;
koeksch;1407.0;
koeoek;1407.0;
koepfchens;1407.0;
koerperbewegung;1407.0;
koerpergewicht;1407.0;
kokett;1407.0;
kokettes;1407.0;
kolleginnen;1407.0;
kommis;1407.0;
komplimentiert;1407.0;
konkurrenten;1407.0;
konstatierte;1407.0;
kontraktes;1407.0;
konzentrierte;1407.0;
konzertgarten;1407.0;
konzerthaus;1407.0;
konzertvortraege;1407.0;
kopfbedeckung;1407.0;
kopfschuetteln;1407.0;
kopfweh;1407.0;
korbes;1407.0;
korinthen;1407.0;
korpulenz;1407.0;
korridorthuer;1407.0;
korsofahrt;1407.0;
kostt;1407.0;
krabbe;703.5;
kraemerseele;1407.0;
kraemersfrau;1407.0;
kraenkelnden;1407.0;
kraenkliche;1407.0;
kraenklichen;1407.0;
kraftlose;1407.0;
kraftmesser;1407.0;
kramend;1407.0;
kramten;1407.0;
krankengeschichten;1407.0;
kranzgewinde;1407.0;
kratzen;1407.0;
kraushaarigen;1407.0;
kreiselnde;1407.0;
kreiselnden;1407.0;
kribbeln;1407.0;
krigt;1407.0;
kringel;1407.0;
krisis;1407.0;
kristallflaechen;1407.0;
kroesus;1407.0;
kruetsch;1407.0;
kruse;703.5;
kuchenbacken;1407.0;
kuchenberge;1407.0;
kuchenbergen;1407.0;
kuchenteller;1407.0;
kuechengespraechen;1407.0;
kuemmerlichen;1407.0;
kuenftige;1407.0;
kuenstlerhutes;1407.0;
kugeligen;1407.0;
kuhblume;1407.0;
kujonieren;1407.0;
kumm;1407.0;
kundschaft;1407.0;
kurmacher;1407.0;
kurmacherei;1407.0;
kurzaermeligen;1407.0;
kurzgehaltenen;1407.0;
kurzsichtige;1407.0;
kusshaende;1407.0;
kusswalzer;1407.0;
kutsch;1407.0;
kutscherbock;1407.0;
kutschersfrau;1407.0;
lachendem;1407.0;
ladenglocke;1407.0;
ladenmamsell;1407.0;
ladenthuer;1407.0;
laengliches;1407.0;
laessigem;1407.0;
lamentieren;1407.0;
landmaedchen;1407.0;
landstelle;1407.0;
langhaariges;1407.0;
langhalmigen;1407.0;
lassend;1407.0;
lastwagen;1407.0;
laubwerks;1407.0;
lauerte;1407.0;
lautester;1407.0;
lauteten;1407.0;
lebendig-begraben-werden;1407.0;
lebensanschauung;1407.0;
lebensfreuden;1407.0;
lebensglueckes;1407.0;
lebenslustige;1407.0;
lebensstellung;1407.0;
lebensstellungen;1407.0;
lebenswandels;1407.0;
lechzte;1407.0;
lederdivan;1407.0;
lederschuhen;1407.0;
lehrerweisheit;1407.0;
leibhafte;1407.0;
leiblied;1407.0;
leichenhaenden;1407.0;
leichenwagen;1407.0;
leidend;703.5;
leidensgefaehrtin;1407.0;
leierkastens;1407.0;
leinenblousen;1407.0;
leinenrock;1407.0;
lenkend;1407.0;
lenker;1407.0;
lenze;1407.0;
lerneifrigen;1407.0;
letzer;1407.0;
leuchtkaefer;1407.0;
lichtdaempfenden;1407.0;
lidern;1407.0;
liebebeduerftig;1407.0;
liebenswuerdiges;1407.0;
liebenswuerdigkeiten;1407.0;
liebesbeduerfnis;1407.0;
liebesfruehling;1407.0;
liebesgedichte;1407.0;
liebesklage;1407.0;
liebevolles;1407.0;
lieblingsgetraenk;1407.0;
lieblingsparfuem;1407.0;
liebte--;1407.0;
lieferanten;1407.0;
liegst;1407.0;
liesch;1407.0;
liqueure;1407.0;
lobte;1407.0;
loesung;1407.0;
loewenbier;1407.0;
lohnende;1407.0;
losreissend;1407.0;
lotteriecollecteur;1407.0;
lowise;1407.0;
ludolf;703.5;
ludwigschen;1407.0;
lueckenlose;1407.0;
lueftete;1407.0;
luefteten;1407.0;
lueg;1407.0;
luegst;1407.0;
luesterne;1407.0;
luett;1407.0;
luftmeer;1407.0;
lungenentzuendung;1407.0;
lungenentzuendungsfaelle;1407.0;
luxuspferd;1407.0;
madamm;1407.0;
madammchen;1407.0;
maedchenblicke;1407.0;
maedchengesicht;1407.0;
maedchenhand;1407.0;
maedchenkleides;1407.0;
maedchenkopf;1407.0;
maentelnaeherin;1407.0;
maertyrerin;1407.0;
maerzabends;1407.0;
maeuse;1407.0;
magerer;1407.0;
maisonntag;1407.0;
mandelaufguss;1407.0;
mannshohes;1407.0;
markscheine;1407.0;
marschufer;1407.0;
marternd;1407.0;
matrosenklaveer;1407.0;
maulschellen;1407.0;
maurergesellen;1407.0;
mecklenburgischen;1407.0;
meerschaumpfeife;1407.0;
mehlberg;1407.0;
mehrstuendiges;1407.0;
meisterlich;1407.0;
meisterte;1407.0;
messern;1407.0;
messingringe;1407.0;
metermass;1407.0;
mied;1407.0;
mietsfuhrwerke;1407.0;
milchglas;1407.0;
milchglaskuppeln;1407.0;
minschen;1407.0;
mintute;1407.0;
missgestimmt;1407.0;
misshandlung;1407.0;
missklang;1407.0;
missmut;1407.0;
missstimmung;1407.0;
misszuverstehenden;1407.0;
mitbraechte;1407.0;
mitfuehlen;1407.0;
mitgebrachtes;1407.0;
mitn;1407.0;
mitreissendes;1407.0;
mittagstafel;1407.0;
mittelfinger;1407.0;
mittelgrosse;1407.0;
mittelgrosser;1407.0;
mittelmass;1407.0;
mittelschule;1407.0;
mittelstrass;1407.0;
mitwisserin;1407.0;
mitzufeiern;1407.0;
modehandschuhe--wieder;1407.0;
modernstem;1407.0;
moeh;1407.0;
moire-schuerze;1407.0;
monogramm;1407.0;
moosbank;1407.0;
morgenroecke;1407.0;
mueffchen;1407.0;
muerrisch;1407.0;
muessens;1407.0;
mundete;1407.0;
mundfaul;1407.0;
mundschenken;1407.0;
munkeln;1407.0;
munterer;1407.0;
musika;1407.0;
muskelkraft;1407.0;
musterschueler;1407.0;
mutzenbecher;1407.0;
nachatemringen;1407.0;
nachbarhaeuser;1407.0;
nachbarhauses;1407.0;
nachbarinnen;1407.0;
nachdenklichkeit;1407.0;
nachdraengenden;1407.0;
nachfolgerin;1407.0;
nachgedanken;1407.0;
nachgiebiger;1407.0;
nachmittagsspaziergang;1407.0;
nachn;1407.0;
nachraeumen;1407.0;
nachschrift;1407.0;
nachthun;1407.0;
nachwinken;1407.0;
nackenfalte;1407.0;
nadelstichen;1407.0;
naechstgelegenen;1407.0;
naeherinnen;1407.0;
naehkoerbchen;1407.0;
naehmaschine;1407.0;
naehrte;1407.0;
naehstube;1407.0;
naehzeug;1407.0;
nakommenschaft;1407.0;
namenlos;1407.0;
namhaften;1407.0;
nasenreiter;1407.0;
naseruempfend;1407.0;
nebensaechliche;1407.0;
nebenstrasse;1407.0;
neegen;1407.0;
negendank;1407.0;
neidischer;1407.0;
neigenden;1407.0;
nervenprickelnden;1407.0;
nervoese;1407.0;
nervoeser;1407.0;
neuangelegten;1407.0;
neuerdings;1407.0;
neulinge;1407.0;
neunjaehrige;1407.0;
neustrasse;1407.0;
nichtsthun;1407.0;
niedergesetzt;1407.0;
niederschlaege;1407.0;
niederschrift;1407.0;
niederzukaempfen;1407.0;
nobelste;1407.0;
nohmen;1407.0;
normalmass;1407.0;
notgedrungen;1407.0;
notizbuechlein;1407.0;
nuechterneren;1407.0;
oberflaechliche;1407.0;
oberflaechlichkeit;1407.0;
oberkellner;1407.0;
oberlippe;1407.0;
obstreichen;1407.0;
ochs;1407.0;
oder----;1407.0;
oeldruckbilder;1407.0;
oeller;1407.0;
offizielle;1407.0;
ohnmaechtige;1407.0;
ohrfeigte;1407.0;
ohrmuschel;1407.0;
oldesloe;1407.0;
operettenwalzer;1407.0;
orchesterpavillon;1407.0;
ordinaer;1407.0;
ordnete;1407.0;
ordneten;1407.0;
ordnungssinn;1407.0;
orgelton;1407.0;
ortskundigen;1407.0;
ostermorgen;1407.0;
ostertage;1407.0;
ostertages;1407.0;
ottensen;1407.0;
ottensener;1407.0;
panamahut;1407.0;
pangschohn;1407.0;
pappenheimer;1407.0;
parforcestuecke;1407.0;
parfuemierte;1407.0;
parkhotel;1407.0;
parkumgebener;1407.0;
passirt;1407.0;
passiven;1407.0;
pathetisch;1407.0;
pechschwarz;1407.0;
peinlicher;1407.0;
pekuniaeren;1407.0;
pelzbarett;1407.0;
pensionsberechtigt;1407.0;
pensionserziehung;1407.0;
pensionsfraeulein;1407.0;
perlenfichu;1407.0;
perlgrauen;1407.0;
perlmutterknoepfe;1407.0;
personifizierte;1407.0;
petroleumfleck;1407.0;
pfeifendem;1407.0;
pfennigkram;1407.0;
pferdebahn;1407.0;
pferdebahnen;1407.0;
pferdegeschirr;1407.0;
pferdes;1407.0;
pfingstlappen;1407.0;
pflanzenteppich;1407.0;
phaenomenalen;1407.0;
phantasieblumen;1407.0;
phlegmatischen;1407.0;
pikanteste;1407.0;
pikiert;1407.0;
piqueweste;1407.0;
plakat;1407.0;
planmaessige;1407.0;
platenkuchen;1407.0;
plueschjacke;1407.0;
pohlenz;1407.0;
pohlenzens;1407.0;
polier;1407.0;
pollini;1407.0;
pomadenhengst;1407.0;
pomadesatter;1407.0;
pompgewaendern;1407.0;
postsekretaer;1407.0;
powern;1407.0;
prangenden;1407.0;
prangte;1407.0;
prasseln;1407.0;
preiszettel;1407.0;
pressend;1407.0;
prickelnde;1407.0;
prickelte;1407.0;
prinzipalin;1407.0;
probenkoffer;1407.0;
probenreiter;1407.0;
promenierenden;1407.0;
protzend;1407.0;
protzig;1407.0;
pruefte;1407.0;
pruefungszeit;1407.0;
pruessnitz;1407.0;
prunkten;1407.0;
puetscherig;1407.0;
puhvogel;1407.0;
punschseliger;1407.0;
pustend;1407.0;
quecksilbern;1407.0;
querte;1407.0;
raboisen;1407.0;
rachebefriedigung;1407.0;
raeuspern;1407.0;
rahm;1407.0;
rangen;281.4;
rangierte;1407.0;
rasselnde;1407.0;
ratschlaege;1407.0;
raubmord;1407.0;
rauchend;1407.0;
rauchender;1407.0;
rauchschrank;1407.0;
rauchte;1407.0;
raunte;1407.0;
rausessen;1407.0;
rausgesucht;1407.0;
rauskriegen;1407.0;
recitierte;1407.0;
redewendungen;1407.0;
regen-;1407.0;
regenmassen;1407.0;
regenperiode;1407.0;
reichgeschmueckten;1407.0;
reichhaltig;1407.0;
reichlichem;1407.0;
reichlicher;1407.0;
reichliches;1407.0;
reifliche;1407.0;
reiflicher;1407.0;
reinigungsbemuehungen;1407.0;
reinigungswerk;1407.0;
reinlichkeitsfanatikerin;1407.0;
reizten;1407.0;
rekelte;1407.0;
reknung;1407.0;
rennens;1407.0;
renntag;1407.0;
renntage;1407.0;
renntagen;1407.0;
reparieren;1407.0;
respektierten;1407.0;
rheinlaender;1407.0;
rheinlaenders;1407.0;
rinfulln;1407.0;
rips-sessels;1407.0;
ritterdienst;1407.0;
rockschoessen;1407.0;
roechelndes;1407.0;
roetliche;1407.0;
roheiten;1407.0;
rohrstuhl;1407.0;
romanhafte;1407.0;
romanschreiber;1407.0;
rosagarniertes;1407.0;
rosaschaerpe;1407.0;
rosigem;1407.0;
rosinsky;1407.0;
rosselenkern;1407.0;
rosshaarsofa;1407.0;
rotblonder;1407.0;
rothaarige;1407.0;
rotwangige;1407.0;
rueckerts;703.5;
rueckfrage;1407.0;
rueckseite;1407.0;
ruecksitz;1407.0;
ruest-;1407.0;
rumarbeiten;1407.0;
rumflasche;1407.0;
rumzupatschen;1407.0;
rundlichen;1407.0;
rundtanz;1407.0;
rutschte;1407.0;
saaleingangs;1407.0;
saalthuer;1407.0;
saechselndem;1407.0;
salbungsvoll;1407.0;
salonstueck;1407.0;
sandbuechse;1407.0;
sanftem;1407.0;
sarges;1407.0;
sattlerlehrling;1407.0;
saubere;1407.0;
sauberer;1407.0;
sauberstes;1407.0;
saumselige;1407.0;
schadt;1407.0;
schaedigenden;1407.0;
schaendlichkeit;1407.0;
schafsgarbe;1407.0;
schamhaftem;1407.0;
schaufenstern;1407.0;
schaukel;1407.0;
schaulustigen;1407.0;
schellte;1407.0;
schelmischer;1407.0;
schenkst;1407.0;
scherzhaften;1407.0;
scherzworte;1407.0;
scheuern;1407.0;
schiffes;1407.0;
schiffsvolk;1407.0;
schilfumrauschte;1407.0;
schillerndem;1407.0;
schimpen;1407.0;
schlachter;1407.0;
schlachtergesellen;1407.0;
schlammigen;1407.0;
schlampig;1407.0;
schlappt;1407.0;
schlenkernden;1407.0;
schliessend;1407.0;
schluesselloch;1407.0;
schluessellochumkleidungen;1407.0;
schlummernde;1407.0;
schlussworte;1407.0;
schmachtendem;1407.0;
schmaechtigen;1407.0;
schmaechtiger;1407.0;
schmiegsamen;1407.0;
schmierend;1407.0;
schmollend;1407.0;
schmueckte;1407.0;
schmunzelnder;1407.0;
schnabbelte;1407.0;
schnack;703.5;
schnattern;1407.0;
schnatterte;1407.0;
schneeschauer;1407.0;
schneiderinnen;1407.0;
schneidern;1407.0;
schnellem;1407.0;
schnippisch;1407.0;
schnippischen;1407.0;
schnitzer;1407.0;
schnupfen;1407.0;
schnutentante;1407.0;
schoengeformten;1407.0;
schpielen;1407.0;
schrillem;1407.0;
schtehn;1407.0;
schubfach;1407.0;
schuerzenkasten;1407.0;
schuettelfrost;1407.0;
schueuess;1407.0;
schulbuechern;1407.0;
schulfreundes;1407.0;
schulmaedchen;1407.0;
schulmeisterlich;1407.0;
schurren;1407.0;
schutzkette;1407.0;
schwaechlich;1407.0;
schwaechliches;1407.0;
schwaerme;1407.0;
schwaetzen;1407.0;
schwarzaeugige;1407.0;
schwarzbaertigen;1407.0;
schwatzender;1407.0;
schweigsamen;1407.0;
schweissbedeckt;1407.0;
schweizers;1407.0;
schwerenoeters;1407.0;
schwiegermutter;1407.0;
schwiegertochter;1407.0;
schwirrte;1407.0;
schwunge;1407.0;
seelenleben;703.5;
seelenqualen;1407.0;
seitenweg;1407.0;
sekunde;1407.0;
selbiges;1407.0;
selbstbewusstem;1407.0;
selbstgebackenen;1407.0;
selbstgehaekelten;1407.0;
selbstgespraech;1407.0;
selbstlose;1407.0;
selbstvergessen;1407.0;
selbstwirtschaften;1407.0;
selterwasser;1407.0;
selterwasserdirn;1407.0;
seltsames;1407.0;
semmelblonde;1407.0;
semmelblonden;1407.0;
semmelblonder;1407.0;
sevre-vase;1407.0;
siegesueberdruessigen;1407.0;
silberfischchen;1407.0;
silbergeld;1407.0;
singendem;1407.0;
sitzes;1407.0;
sitzmoebel;1407.0;
skatabend;1407.0;
skatsitzung;1407.0;
soegg;1407.0;
soehnte;1407.0;
soeken;1407.0;
soess;1407.0;
sofaschoner;1407.0;
sofaspiegels;1407.0;
sofatisch;1407.0;
sollenden;1407.0;
soloquartett;1407.0;
solotaenzerin;1407.0;
sommergarderobe;1407.0;
sommerhut;1407.0;
sommerlichen;1407.0;
sommernachmittags;1407.0;
sommerrennen;1407.0;
sommerschmuck;1407.0;
sommersprossengesprenkel;1407.0;
sommertag;1407.0;
sonnenwarmer;1407.0;
sonntaeglichen;1407.0;
sonntagnachmittagsspaziergang;1407.0;
sonntagskleid;1407.0;
sonntagspublikum;1407.0;
sonstiger;1407.0;
sophatisch;1407.0;
sorgfaeltigste;1407.0;
sorglosigkeit;1407.0;
sortieren;1407.0;
soupiert;1407.0;
soziale;1407.0;
spaerliches;1407.0;
spazierganges;1407.0;
spekulatives;1407.0;
spekulierte;1407.0;
spendieren;1407.0;
spiegelscheiben;1407.0;
spiegelschrank;1407.0;
spielkameraden;1407.0;
spieltisch;1407.0;
spitzenkleid;1407.0;
spitzenlaetzchen;1407.0;
spitzenschirmes;1407.0;
spliss;1407.0;
spoettischem;1407.0;
spoettisches;1407.0;
sportfreundliche;1407.0;
sportlust;1407.0;
spreewalzer;1407.0;
staatsstube;1407.0;
stadtbureau;1407.0;
stadtlotterie;1407.0;
stadtreisende;1407.0;
stadtreisenden;1407.0;
stadtreisender;1407.0;
stahlstaebchen;1407.0;
stallthuer;1407.0;
statten;1407.0;
stechende;1407.0;
stehseidel;1407.0;
steigerte;1407.0;
stengeln;1407.0;
sterbefall;1407.0;
stickenduestere;1407.0;
stickig;1407.0;
stickluft;1407.0;
stiefbruders;1407.0;
stiene;1407.0;
stiftungsfest;1407.0;
stiftungssonntag;1407.0;
stillsitzen;1407.0;
stillte;1407.0;
stine;1407.0;
stippt;1407.0;
stirbst;1407.0;
stockend;1407.0;
stocklaterne;1407.0;
stoische;1407.0;
stossweise;1407.0;
straeuben;1407.0;
straeubend;1407.0;
straeubende;1407.0;
strassendammes;1407.0;
strassenecken;1407.0;
strassenjunge;1407.0;
strassenpflaster;1407.0;
straussischer;1407.0;
strebens;1407.0;
streute;1407.0;
stricksticken;1407.0;
strohhuetchen;1407.0;
strohhutes;1407.0;
studt;1407.0;
studts;1407.0;
stueck--watn;1407.0;
stuhr;1407.0;
stumpfnase;1407.0;
stumpfsinnig;1407.0;
stuv;1407.0;
suehnen;1407.0;
suelfst;1407.0;
suenders;1407.0;
summten;1407.0;
tabaksqualm;1407.0;
tadellose;1407.0;
tafelfreuden;1407.0;
tagelang;1407.0;
taktlose;1407.0;
tantchen;1407.0;
tantenpflicht;1407.0;
tanzboden;1407.0;
tanzbodenbegegnung;1407.0;
tanzboeden;1407.0;
tanzenden;1407.0;
tanzetablissement;1407.0;
tanzleidenschaft;1407.0;
tanzlokal;1407.0;
tanzlustigen;1407.0;
tanzsaal;1407.0;
tanztest;1407.0;
tanzvergnuegen;1407.0;
tanzwut;1407.0;
taschenbuch;1407.0;
taschengelde;1407.0;
taubenfluegel;1407.0;
taubengraues;1407.0;
taufte;1407.0;
taxierte;1407.0;
teilnahmlos;1407.0;
teilnahmsvolle;1407.0;
tetje;1407.0;
tetjes;1407.0;
teueren;1407.0;
teuerste;1407.0;
thaete;1407.0;
thaetlichen;1407.0;
thaten;703.5;
thatkraft;1407.0;
thatsache;703.5;
thatsaechlich;1407.0;
theaterszene;1407.0;
theerose;1407.0;
theresens;1407.0;
thielemann;1407.0;
thorheiten;1407.0;
thraene;1407.0;
thraenen;1407.0;
thuer;1407.0;
thueren;1407.0;
thuerpfosten;1407.0;
thunichtgut;1407.0;
thuts;703.5;
tiefrote;1407.0;
tilles;1407.0;
tintenbefleckten;1407.0;
tintenfasses;1407.0;
tintenwischer;1407.0;
tischherrn;1407.0;
tischzeug;1407.0;
toastete;1407.0;
toef;1407.0;
toepfen;1407.0;
toetlicher;1407.0;
togt;1407.0;
tonbank;1407.0;
tosamen;1407.0;
traber;1407.0;
traegheit;703.5;
traktieren;1407.0;
transportiert;1407.0;
trauerkostuemes;1407.0;
trauermaentel;1407.0;
trauermarschall;1407.0;
trauert;1407.0;
trauertages;1407.0;
trauerzug;1407.0;
trauliches;1407.0;
treffer;1407.0;
trennungen;1407.0;
tribuene;1407.0;
triefenden;1407.0;
triftige;1407.0;
troepfchen;1407.0;
tropfenden;1407.0;
trottoire;1407.0;
trotzes;1407.0;
trotzfalte;1407.0;
trotzte;1407.0;
truebselige;1407.0;
truge;1407.0;
tubarosen;1407.0;
turngeraete;1407.0;
u-striche;1407.0;
ueberaus;703.5;
ueberbieten;1407.0;
ueberbuerdet;1407.0;
uebereinstimmten;1407.0;
uebereisten;1407.0;
ueberfeinerung;1407.0;
ueberfluegelt;1407.0;
ueberfuellt;1407.0;
uebergeworfene;1407.0;
ueberhaengenden;1407.0;
ueberhoeflicher;1407.0;
ueberhoerte;1407.0;
ueberholten;1407.0;
ueberkleider;1407.0;
ueberlaute;1407.0;
ueberlegene;1407.0;
ueberlegenen;1407.0;
uebernaechtig;1407.0;
ueberschreitenden;1407.0;
uebersichergehenlassen;1407.0;
ueberstand;1407.0;
ueberstehen;1407.0;
uebertreiben;1407.0;
uebertrieb;1407.0;
uebertriebener;1407.0;
ueberwert;1407.0;
ueberwuchernd;1407.0;
ueberzieher;1407.0;
uemmer;1407.0;
uetz;1407.0;
uhrkette;1407.0;
umbettung;1407.0;
umbroegt;1407.0;
umfassen;1407.0;
umgestaltung;1407.0;
umhergestreift;1407.0;
umherstossen;1407.0;
umhersuchen;1407.0;
umhertasten;1407.0;
umhertreiber;1407.0;
umrahmt;1407.0;
umrahmte;1407.0;
umsehend;1407.0;
umsetzen;1407.0;
umstaendlichem;1407.0;
umstehenden;1407.0;
umstrickte;1407.0;
umwenden;1407.0;
umzuwenden;1407.0;
unanstellig;1407.0;
unauffaelliger;1407.0;
unaufhoerliche;1407.0;
unbefangenheit;1407.0;
unbeschraenkt;1407.0;
unbewachten;1407.0;
undurchdringlichen;1407.0;
unentbehrliches;1407.0;
unentwegt;1407.0;
unerfahrenen;1407.0;
unerfreulicher;1407.0;
unerfuellbare;1407.0;
unerwiderte;1407.0;
unfassbar;1407.0;
ungeahntem;1407.0;
ungebildete;1407.0;
ungebildeten;1407.0;
ungehorsamen;1407.0;
ungeschmaelerten;1407.0;
ungestoerten;1407.0;
ungetuem;1407.0;
ungewollten;1407.0;
ungnaediges;1407.0;
universalmittel;1407.0;
unklaren;1407.0;
unkundige;1407.0;
unlautere;1407.0;
unliebsame;1407.0;
unmoralischen;1407.0;
unmutes;1407.0;
unmutig;1407.0;
unnerrock;1407.0;
unnerwegs;1407.0;
unnoetiger;1407.0;
unruhigem;1407.0;
unsauberen;1407.0;
unsereins;1407.0;
unsicheres;1407.0;
unstetes;1407.0;
unterdruecktes;1407.0;
untergegangen;1407.0;
unterhaltungsstoffes;1407.0;
unterlegten;1407.0;
unternehmend;1407.0;
unternehmungsgeistes;1407.0;
unterrock;1407.0;
unterstuetzte;1407.0;
unterzog;1407.0;
untrueglichen;1407.0;
unveraenderter;1407.0;
unverbesserliche;1407.0;
unvermeidlichen;1407.0;
unverstaendigen;1407.0;
unvorteilhaft;1407.0;
unwilligem;1407.0;
unzarte;1407.0;
utgahn;1407.0;
utrueckt;1407.0;
vadder;1407.0;
vanillechocolade;1407.0;
veilchenbouquets;1407.0;
veilchenherrlichkeit;1407.0;
veilchenkranz;1407.0;
veilchenparfuem;1407.0;
veilchenstraeusschen;1407.0;
veilchenumkraenzte;1407.0;
verabredeter;1407.0;
verabredetes;1407.0;
veraendertes;1407.0;
veranlagung;1407.0;
verarmt;1407.0;
verbesserte;1407.0;
verbildung;1407.0;
verbindlichem;1407.0;
verbissene;1407.0;
verbrechers;1407.0;
verbrennt;1407.0;
verbuendeten;1407.0;
verdeck;1407.0;
verdichteten;1407.0;
verdriesslichkeiten;1407.0;
verdutzten;1407.0;
verehrers;1407.0;
verehrtesten;1407.0;
vereinzelt;1407.0;
verfaerbte;1407.0;
verfeinden;1407.0;
verfuehrerisch;1407.0;
vergess;1407.0;
vergessene;1407.0;
vergessenheit;1407.0;
vergesslich;1407.0;
vergnuegler;1407.0;
vergnuegungsanzeiger;1407.0;
vergoldet;703.5;
verhaeltnisses;1407.0;
verhehlter;1407.0;
verheiratetsein;1407.0;
verirren;1407.0;
verjagten;1407.0;
verkehrs;1407.0;
verkehrsstoerung;1407.0;
verkehrte;1407.0;
verklatscht;1407.0;
verlassend;1407.0;
verlegener;1407.0;
verlegenheitshusten;1407.0;
verleugnete;1407.0;
verliesse;1407.0;
verloben;1407.0;
verlobten;1407.0;
verlobungsanzeige;1407.0;
verlobungsfeier;1407.0;
verlobungsfeierliches;1407.0;
verlobungsfeierlichkeit;1407.0;
vermehrenden;1407.0;
verpflichten;1407.0;
verschlagenes;1407.0;
verschmitzt;1407.0;
verschnupft;1407.0;
verschobenen;1407.0;
verschuechtert;1407.0;
versinkend;1407.0;
versoehnlich;1407.0;
versorgung;1407.0;
verspottete;1407.0;
verstaendnisvolles;1407.0;
verstaenniger;1407.0;
versteckspielen;1407.0;
vertauschten;1407.0;
vertell;1407.0;
vertrauliche;1407.0;
vertroestete;1407.0;
vertroesteten;1407.0;
vertrugen;1407.0;
verunzierte;1407.0;
verursachte;1407.0;
verurteilte;1407.0;
verwachsenes;1407.0;
verwandtschaftlichen;1407.0;
verwischen;1407.0;
verwoehnten;1407.0;
verwunderte;1407.0;
verzichtet;1407.0;
verzogenen;1407.0;
vespert;1407.0;
vielfarbig;1407.0;
vielgewundene;1407.0;
vielstimmige;1407.0;
vielversprechenden;1407.0;
vierzehnjaehrige;1407.0;
vierzehnjaehrigen;1407.0;
vierzigtausend;1407.0;
visitenkartenformat;1407.0;
voelliges;1407.0;
volksschullehrer;1407.0;
vollbluetige;1407.0;
vollzog;1407.0;
vons;1407.0;
voraussichtlich;1407.0;
vorauszusehen;1407.0;
vorauvorausdurch;1407.0;
vorbedeutungen;1407.0;
vorbeizukommen;1407.0;
vorderbeine;1407.0;
vorfreude;1407.0;
vorgefahren;1407.0;
vorgeruecktes;1407.0;
vorgeschmack;1407.0;
vorgeschuetzt;1407.0;
vorgeschuetzten;1407.0;
vorkommnis;1407.0;
vorlauter;1407.0;
vornamen;1407.0;
vornehmeres;1407.0;
vornuebergeneigt;1407.0;
vororte;1407.0;
vorspielte;1407.0;
vorsprach;1407.0;
vorspringen;1407.0;
vorteilhaftes;1407.0;
vorueberfahren;1407.0;
vorueberrollenden;1407.0;
vorzunehmen;1407.0;
waeldchen;1407.0;
waeldchens;1407.0;
waermere;1407.0;
waern;1407.0;
waeschekorb;1407.0;
waescheschatzes;1407.0;
wagenremise;1407.0;
wagensitz;1407.0;
wahrt;1407.0;
waldmanns;1407.0;
waldwirtschaft;1407.0;
walzerrhythmus;1407.0;
walzers;1407.0;
wandlung;1407.0;
wandsbek;1407.0;
warenhandlung;1407.0;
warzenartige;1407.0;
waschend;1407.0;
wasn;703.5;
wasserglaesern;1407.0;
wasserlosen;1407.0;
wasserpartie;1407.0;
watn;1407.0;
weettt;1407.0;
weggeangelt;1407.0;
wehrlos;1407.0;
weidende;1407.0;
weilten;1407.0;
weiss-;1407.0;
weissdornhecken;1407.0;
weissdornzweig;1407.0;
weiterarbeitenden;1407.0;
welligen;1407.0;
wertschaetzung;1407.0;
wertstueck;1407.0;
wertvollen;1407.0;
westwinde;1407.0;
wetterfaehnchen;1407.0;
wettergebraeuntes;1407.0;
wettermacher;1407.0;
wetters;1407.0;
widersetzlichkeit;1407.0;
widerstrebte;1407.0;
widerwaertige;1407.0;
wiederannaeherung;1407.0;
wiedergefunden;1407.0;
wiencke;1407.0;
wiesenraendern;1407.0;
winchen;1407.0;
wintergetraenk;1407.0;
winterlichen;1407.0;
winterliches;1407.0;
wirdn;1407.0;
wirkungsvoll;1407.0;
wirtschaftskeller;1407.0;
wischend;1407.0;
wittfoth;1407.0;
wittfothschen;1407.0;
witwenstand;1407.0;
witzeln;1407.0;
witzelte;1407.0;
witzen;1407.0;
wohlbefindens;1407.0;
wohlgefallen;1407.0;
wohlgefuehl;1407.0;
wohlproportionierte;1407.0;
wohlthaetige;1407.0;
wohlthuende;1407.0;
wohlthuenden;1407.0;
wohnende;1407.0;
wohnkellern;1407.0;
wohnungsveraenderungen;1407.0;
wollkleides;1407.0;
wollustgefuehls;1407.0;
wortlos;1407.0;
worunter;1407.0;
wuchernder;1407.0;
wuelln;1407.0;
wuersten;1407.0;
wuerzend;1407.0;
wuerzten;1407.0;
wulstige;1407.0;
wundervollen;1407.0;
wunsche;703.5;
wutfunkelnden;1407.0;
zaertlichkeiten;1407.0;
zappelnd;1407.0;
zartes;1407.0;
zartfuehlend;1407.0;
zaudernd;1407.0;
zehnjaehrige;1407.0;
zehnmarkstueck;1407.0;
zehnpfennigstuecken;1407.0;
zehrte;1407.0;
zeichner;1407.0;
zeitweilig;1407.0;
zeitweiligen;1407.0;
zentralhalle;1407.0;
zerfliessende;1407.0;
zeugte;1407.0;
ziehend;1407.0;
zierat;1407.0;
zimmerdecke;1407.0;
zischte;1407.0;
zitherklub;1407.0;
zithern;1407.0;
zitherverein;1407.0;
zucker-;1407.0;
zuckerschale;1407.0;
zuegel;1407.0;
zugefuegt;1407.0;
zugefuegte;1407.0;
zugeschnuert;1407.0;
zugewiesene;1407.0;
zugeworfen;1407.0;
zukunftsplaenen;1407.0;
zukunftstraeumen;1407.0;
zumutung;1407.0;
zurueckgab;1407.0;
zurueckgelehnt;1407.0;
zuruecklag;1407.0;
zuruecklegte;1407.0;
zuruecklehnte;1407.0;
zurueckschicken;1407.0;
zurueckschlagen;1407.0;
zuruecktreten;1407.0;
zurueckwies;1407.0;
zurueckziehen;1407.0;
zurueckzuerwarten;1407.0;
zurueckzuschluepfen;1407.0;
zurueckzusetzen;1407.0;
zusammenbiss;1407.0;
zusammenfuhren;1407.0;
zusammengefuehrt;1407.0;
zusammengekniffenen;1407.0;
zusammengelaufenen;1407.0;
zusammensah;1407.0;
zusammenschreckende;1407.0;
zusammenstand;1407.0;
zusammenstossen;1407.0;
zusammensuchte;1407.0;
zusehend;1407.0;
zusenden;1407.0;
zuspruchs;1407.0;
zuvorkommender;1407.0;
zuwarfen;1407.0;
zuwerfen;1407.0;
zuzulegen;1407.0;
zwanzigmarkstueck;1407.0;
zweifach;1407.0;
zweiundzwanzigjaehriges;1407.0;
zwingenden;1407.0;
zwirn;1407.0;
zwischenraeumen;1407.0;
11109-hhtm;1407.0;
11109-hzip;1407.0;
11109txt;1407.0;
11109zip;1407.0;
25th--;703.5;
4-hours;1407.0;
4th--there;1407.0;
5-1/2d;703.5;
55-1/2;1407.0;
5th--to;1407.0;
aalrbgs;1407.0;
aalrbgs--acting-assistant;1407.0;
absorber--in;1407.0;
aeriston;1407.0;
ago--caught;1407.0;
anti-subscription;1407.0;
armistice-time;1407.0;
awful--why--well;1407.0;
back--local;1407.0;
bdls;1407.0;
beer-taster;1407.0;
beveridge;703.5;
bi-monthly;703.5;
black-and-gold;469.0;
bqms;1407.0;
brazen-lunged;1407.0;
bubazeel;1407.0;
buffalo-bump;1407.0;
bus-consciously;1407.0;
buses--evening;1407.0;
cacotrophy;1407.0;
calorimetric;1407.0;
checkings;1407.0;
chicken-run;1407.0;
clear--couldnt;1407.0;
cluck--;1407.0;
coalitionists;469.0;
comfort--letter;1407.0;
common--by;1407.0;
contemplated--nothing;1407.0;
cricket-shirt;1407.0;
curties;1407.0;
dances--;1407.0;
determined--he;1407.0;
devil--wheres;1407.0;
died--irish;1407.0;
dispersed--may;1407.0;
dived--a;1407.0;
donkey-drop;1407.0;
draft--there;1407.0;
dress-shirts;1407.0;
dress-tie;1407.0;
early-acquired;1407.0;
edentulous;1407.0;
elder--a;1407.0;
em--bolshevism;1407.0;
epiderm--;1407.0;
erect--in;1407.0;
euphemists;703.5;
executive--;703.5;
family--oxford;1407.0;
faster--now;1407.0;
feldwebels;1407.0;
figurings;1407.0;
flying-boat;1407.0;
fontin;1407.0;
football-boots;1407.0;
fours--scottish;1407.0;
full-private;1407.0;
fund--irish;1407.0;
gelignite;703.5;
genulry;1407.0;
giraffe-galump;1407.0;
girls--government;1407.0;
glooms--;1407.0;
greeting----;1407.0;
ground--provincial;1407.0;
guzz-jinx;1407.0;
habit--alarming;1407.0;
hair-combs;1407.0;
hen-peck;1407.0;
himself--difficulties;1407.0;
home--evening;1407.0;
hooligans;469.0;
hornpipe--have;1407.0;
horrida--this;1407.0;
http//wwwibiblioorg/gutenberg/1/1/1/0/11109/11109-h/11109-hhtm;1407.0;
http//wwwibiblioorg/gutenberg/1/1/1/0/11109/11109-hzip;1407.0;
https//wwwgutenbergorg/1/1/1/0/11109;1407.0;
hydrangea--this;1407.0;
jaguar-jump;1407.0;
jaipurbad;1407.0;
jazzing;281.4;
jugo-slavs--;1407.0;
l385;1407.0;
labefaction;1407.0;
lady-voter;1407.0;
lesons;703.5;
litter--bust;1407.0;
love-struck;1407.0;
mal-conformation;1407.0;
mal-nutrition;1407.0;
marlin-spike;1407.0;
masterpiece--;1407.0;
medicines--provincial;1407.0;
meenits;1407.0;
merry--or;1407.0;
mess--just;1407.0;
mess-cart;1407.0;
mildmays;1407.0;
millionairedom;1407.0;
month--church;1407.0;
motor-scooter;703.5;
non-papa;1407.0;
non-return;1407.0;
observer--or;1407.0;
off--irish;1407.0;
on--verfluchte;1407.0;
ones--at;703.5;
ours--memories;1407.0;
peace-pursuing;1407.0;
pendereds;1407.0;
permanent-way;1407.0;
petrols;1407.0;
phonetically;175.875;
pig-swill;1407.0;
pillow-fighting;1407.0;
pirus;1407.0;
pirus--there;1407.0;
post--;469.0;
potsdammer;1407.0;
pound--evening;1407.0;
promotion--times;1407.0;
pyjama-top;1407.0;
quartermaster-sergeants;1407.0;
quietly-dressed;1407.0;
re-electing;703.5;
rember;1407.0;
rippers--;1407.0;
rivetters;1407.0;
same--adding;1407.0;
saxpence;1407.0;
secretaries--here;1407.0;
semyonov;1407.0;
sequanian;703.5;
sequence--the;703.5;
snores-while;1407.0;
soling;1407.0;
speaker--though;1407.0;
speaker-elects;1407.0;
specially-selected;703.5;
storeman--now;1407.0;
stuckys;1407.0;
tank-up;1407.0;
taxi-sharks;1407.0;
tea-trays;1407.0;
tempelhofer;1407.0;
thenkin;1407.0;
this--glasgow;1407.0;
toast-maker;1407.0;
tommies--trapped;1407.0;
trigger--;1407.0;
twelve--an;1407.0;
uedor;1407.0;
un-couponed;1407.0;
underclothed;1407.0;
unstuck;469.0;
up-to;1407.0;
v--times;1407.0;
viennese--;1407.0;
walking-on;1407.0;
wangler;1407.0;
war--big;1407.0;
which--such;1407.0;
wind-noisy;1407.0;
withdrawn--;703.5;
wombat-walk;1407.0;
you--happened;1407.0;
--forgotten;1407.0;
11110txt;1407.0;
11110zip;1407.0;
abbitibbi;1407.0;
akimiski;1407.0;
annemeekee;1407.0;
backache;703.5;
bedroom--though;1407.0;
birchbark;1407.0;
birchbarks;1407.0;
boatbuilder;1407.0;
boatbuilders;1407.0;
boatbuilding;1407.0;
boatlike;1407.0;
bohrnsens;1407.0;
bone-setting;1407.0;
brown-and-white;703.5;
carthorse;1407.0;