10001;Apocolocyntosis;Lucius Seneca;November 10, 2003
10002;The House on the Borderland;William Hope Hodgson;November 10, 2003
10003;My First Years As A Frenchwoman, 1876-1879;Mary King Waddington;November 10, 2003
10004;The Warriors;Lindsay, Anna Robertson Brown;November 10, 2003
10005;A Voyage to the Moon;George Tucker;November 7, 2003
10006;La Fiammetta;Giovanni Boccaccio;November 7, 2003
10008;The Mystery;Stewart Edward White and Samuel Hopkins Adams;November 7, 2003
10009;Wild Northern Scenes;S. H. Hammond;November 7, 2003
10010;The Eulogies of Howard;William Hayley;November 7, 2003
10011;365 Foreign Dishes;Unknown;November 7, 2003
10012;The Mountains of California;John Muir;November 7, 2003
10013;Punchinello, Vol. 1, No. 9, May 28, 1870;Various;November 7, 2003
10014;Punchinello, Vol. 1, No. 18, July 30, 1870;Various;November 7, 2003
10015;Punchinello, Vol. 1, No. 19, August 6, 1870;Various;November 7, 2003
10016;Punchinello Vol. 1, No. 21, August 20, 1870;Various;November 7, 2003
10017;Punchinello, Vol. 1, No. 23,  September 3, 1870;Various;November 7, 2003
10018;Punchinello, Vol. 1, No. 5,  April 30, 1870;Various;November 8, 2003
10019;Punchinello, Vol. 1, No. 22, August 27, 1870;Various;November 8, 2003
10020;The Strand Magazine: Volume VII, Issue 37. January, 1894.;Edited by George Newnes;November 8, 2003
10021;Tenterhooks;Ada Leverson;November 8, 2003 
10022;White Queen of the Cannibals: The Story of Mary Slessor;A. J. Bueltmann;November 8, 2003
10023;There's Pippins And Cheese To Come;Charles S. Brooks;November 8, 2003
10024;Beneath the Banner;F. J. Cross;November 9, 2003
10025;Gaslight Sonatas;Fannie  Hurst;November 9, 2003
10026;The Mirror of Literature, Amusement, and Instruction, Vol. 10,; Various;October 9, 2003 
10027;The Triple Alliance;Harold Avery;November 13, 2003 
10028;Spalding's Official Baseball Guide - 1913;unknown;October 12, 2003 
10029;The Hunt Ball Mystery;Magnay, William;November 10, 2003
10030;The Life of Hon. William F. Cody;William F. Cody;November 10, 2003
10032;Punchinello, Vol. 1, No. 24, September 10, 1870;Various;November 10, 2003
10033;Punchinello, Vol. 1, No. 25, September 17, 1870;Various;November 10, 2003
10034;Punchinello, Vol. 1, No. 26, September 24, 1870;Various;November 10, 2003
10035;Punchinello, Vol. 2, No. 27, October 1, 1870;Various;November 10, 2003
10036;Punchinello Vol. 2, No. 28, October 8, 1870;Various;November 10, 2003
10037;A Beautiful Possibility;Edith Ferguson Black;November 10, 2003
10038;The Magnetic North;Elizabeth Robins (C. E. Raimond);November 10, 2003
10039;The Works of Aphra Behn, Vol. III;Aphra Behn;November 10, 2003
10040;Alaska Indian Dictionary;Charles A. Lee;November 10, 2003
10041;The Rivet in Grandfather's Neck;James Branch Cabell;November 11, 2003
10042;The Child Under Eight;E.R. Murray and Henrietta Brown Smith;November 11, 2003
10043;Klondyke Nuggets;Joseph Ladue;November 11, 2003
10044;The Father of British Canada: A Chronicle of Carleton;William Wood;November 11, 2003
10045;Dave Darrin's Second Year at Annapolis;H. Irving Hancock;November 11, 2003
10046;Salute to Adventurers;John Buchan;November 11, 2003
10047;Punchinello, Vol. 2, No. 29, October 15, 1870;Various;November 11, 2003
10048;Billie Bradley and Her Inheritance;Janet D. Wheeler;November 11, 2003
10049;Old Lady Mary;Margaret O. (Wilson) Oliphant;November 11, 2003
10050;A Little Pilgrim;Margaret O. (Wilson) Oliphant;November 11, 2003
10051;The Little Pilgrim: Further Experiences.;Margaret O. (Wilson) Oliphant;November 11, 2003
10052;The Open Door, and the Portrait.;Margaret O. (Wilson) Oliphant;November 11, 2003
10053;La vampire;Paul H.C. Feval;November 11, 2003
10054;Nova analysis aquarum Medeviensium;Joens Jacob Berzelius;November 16, 2003
10055;Hamburgische Dramaturgie;Gotthold Ephraim Lessing;November 15, 2003
10056;Chinese Literature;Anonymous;November 17, 2003
10057;The Secret of the Tower;Hope, Anthony;November 17, 2003
10058;The Divine Office;Rev. E. J. Quigley;November 17, 2003
10059;Aunt Jane's Nieces on Vacation;Edith Van Dyne;November 12, 2003
10060;Discourses;Thomas H. Huxley;November 12, 2003
10061;Les Heures Claires;Emile Verhaeren;November 12, 2003
10062;The Iron Game;Henry Francis Keenan;November 12, 2003
10063;Happiness and Marriage;Elizabeth (Jones) Towne;November 12, 2003
10064;Beltane The Smith;Jeffery Farnol;November 12, 2003
10065;The Constitution of the United States;James M. Beck;November 12, 2003
10066;Gunman's Reckoning;Max Brand;November 22, 2003
10067;The Mystery Of The Boule Cabinet;Burton Egbert Stevenson;November 12, 2003
10068;The Power and the Glory;Grace MacGowan Cooke;November 12, 2003
10069;Account of the Romansh Language;Joseph Planta, Esq. F. R. S.;November 12, 2003
10071;By-Ways of Bombay;S. M. Edwardes, C.V.O.;November 12, 2003
10072;English Housewifery Exemplified;Elizabeth Moxon;November 13, 2003
10074;The Mirror of Literature, Amusement, and Instruction, Vol. 10,;Various;October 13, 2003 
10075;A Narrative of the Life and Adventures of Venture, a Native of;Venture Smith;November 13, 2003 
10076;Lister's Great Adventure;Harold Bindloss;November 13, 2003 
10077;The Atlantic Monthly, Volume 10, Number 60, October 1862;Various;November 13, 2003 
10078;Plain Words From America;Douglas W. Johnson;November 14, 2003 
10079;The Atlantic Monthly, Volume 2, Number 9, July, 1858;Various;November 14, 2003 
10080;Mobilizing Woman-Power;Harriot Stanton Blatch;November 14, 2003 
10081;The Boy Allies at Jutland;Robert L. Drake;November 14, 2003 
10082;The Hampstead Mystery;John R. Watson;November 14, 2003 
10083;The House of the Whispering Pines;Anna Katharine Green;November 14, 2003 
10084;Kazan;James Oliver Curwood;November 14, 2003
10085;Moorish Literature;Anonymous;November 14, 2003
10086;The Minute Boys of the Mohawk Valley;James Otis;November 14, 2003 
10087;Old Lady Number 31;Louise Forsslund;November 15, 2003 
10088;Thaumaturgia;An Oxonian;November 15, 2003 
10089;Elves and Heroes;Donald A. MacKenzie;November 15, 2003 
10090;Peaceless Europe;Francesco Saverio Nitti;November 15, 2003
10091;Punchinello, Vol. II., Issue 31, October 29, 1870;Various;November 15, 2003
10092;Punchinello Vol. II., No. 30,  October 22, 1870;Various;November 15, 2003
10093;Gutta-Percha Willie;George MacDonald;November 15, 2003 
10094;A Soldier of Virginia ;Burton Egbert Stevenson;November 16, 2003 
10095;The Twilight of the Gods, and Other Tales;Richard Garnett;November 16, 2003
10096;The Trojan women of Euripides;Euripides;November 16, 2003
10097;The Healing of Nations and the Hidden Sources of Their Strife;Edward Carpenter;November 16, 2003
10098;How Jerusalem Was Won;W.T. Massey;November 16, 2003
10099;Towards The Goal;Mrs. Humphry Ward;November 16, 2003
10100;Byron;John Nichol;November 16, 2003
10101;A Little Boy Lost;Hudson, W. H.;November 17, 2003
10102;The Czar's Spy;William Le Queux;November 17, 2003
10103;The Great Events by Famous Historians, Vol. 8;Editor-in-Chief: Rossiter Johnson;November 17, 2003
10104;Punchinello, Vol. 2., No. 32,  November 5, 1870;Various;November 17, 2003
10105;Punchinello, Vol. II., No. 33, November 12, 1870;Various;November 17, 2003
10106;Punchinello, Vol. II., No. 34, November 19, 1870;Various;November 17, 2003
10107;With British Guns in Italy;Hugh Dalton;November 17, 2003
10108;A Treatise Of Daunses;Anonymous;November 17, 2003
10109;The Unspeakable Gentleman ;John P. Marquand;November 17, 2003 
10111;Boys and girls from Thackeray ;Kate Dickinson Sweetser;November 17, 2003 
10112;American Political Ideas Viewed From The Standpoint Of Universal History;John Fiske;November 17, 2003
10113;De mannen van '80 aan het woord;E. D'Oliveira;November 17, 2003
10114;The Great Events by Famous Historians, Vol. 2;Various;November 17, 2003 
10116;All Saints' Day and Other Sermons;Charles Kingsley;November 17, 2003 
10117;Den siste atenaren;Viktor Rydberg;November 18, 2003
10118;The Folk-lore of Plants;T. F. Thiselton-Dyer;November 18, 2003
10119;Adonais;Shelley;November 18, 2003
10120;England of My Heart--Spring;Edward Hutton;November 18, 2003
10121;Oriental Literature;Anonymous;November 18, 2003
10122;Fairies and Fusiliers;Robert Graves;November 18, 2003 
10123;Aunt Jane's Nieces;Edith Van Dyne;November 18, 2003 
10124;Aunt Jane's Nieces and Uncle John;Edith Van Dyne;November 18, 2003 
10125;The Best Letters of Charles Lamb;Charles Lamb;November 18, 2003
10126;Home-Life of the Lancashire Factory Folk during the Cotton Famine;Edwin Waugh;November 19, 2003 
10127;Abducted to Oz;Bob Evans and Chris Dulabone;November 19, 2003
10128;The Great Events by Famous Historians, Vol. 17;Charles Francis Horne;November 19, 2003
10129;Excellent Women;Various;November 19, 2003
10130;Books for Children;Charles and Mary Lamb;November 19, 2003
10131;Required Poems for Reading and Memorizing;Anonymous;November 19, 2003
10132;The Sowers;Henry Seton Merriman;November 19, 2003
10133;The Vigil of Venus and Other Poems by "Q";Q;November 19, 2003
10134;John Wesley, Jr.;Dan B. Brummitt;November 19, 2003
10135;The Great English Short-Story Writers, Vol. 1;Various;November 19, 2003 
10136;The Book of Household Management;Mrs. Isabella Beeton;November 19, 2003 
10138;The Atlantic Monthly, Volume 1, Issue 2, December, 1857;Various;November 19, 2003 
10139;The Faith of the Millions (2nd series);George Tyrrell;November 19, 2003 
10141;A Discourse on the Life, Character and Writings of Gulian Crommelin;William Cullen Bryant;November 19, 2003 
10142;Maezli;Johanna Spyri;November 20, 2003
10143;Punch, Volume 153, July 11, 1917;Various;November 20, 2003
10144;Punchinello, Vol. II., No. 35, November 26, 1870;Various;November 20, 2003
10145;Turkey: A Past and a Future;Arnold Joseph Toynbee;November 20, 2003 
10146;Reminiscences of Pioneer Days in St. Paul;Frank Moore;November 20, 2003 
10147;America's War for Humanity;Thomas Herbert Russell;November 20, 2003
10148;The Merry Adventures of Robin Hood;Howard Pyle;November 20, 2003
10149;Home as Found;James Fenimore Cooper;November 20, 2003 
10151;The Great Events by Famous Historians, Volume 5;Various;November 20, 2003 
10159;England and the War;Walter Raleigh;November 20, 2003
10160;Pierre Noziere;Anatole France;November 21, 2003
10161;English Poets of the Eighteenth Century;Selected and Edited with an Introduction by Ernest Bernbaum;November 21, 2003
10162;Dio's Rome, Vol. III;Cassius Dio;November 21, 2003
10163;Mohammedanism;C. Snouck Hurgronje;November 21, 2003
10164;The Black Creek Stopping-House;Nellie McClung;November 21, 2003
10165;Across the Zodiac;Percy Greg;November 21, 2003 
10166;What Germany Thinks;Thomas F. A. Smith;November 21, 2003
10201;The Desert of Wheat;Zane Grey;November 21, 2003
10202;Maria Mitchell: Life, Letters, and Journals;Maria Mitchell;November 21, 2003
10210;Wolves of the Sea;Randall Parrish;November 22, 2003
10211;At Whispering Pine Lodge;Lawrence J. Leslie;November 22, 2003
10212;Peck's Bad Boy at the Circus;George W. Peck;November 22, 2003
10213;The Everlasting Whisper;Jackson Gregory;November 22, 2003
10214;Introduction to the Philosophy and Writings of Plato;Thomas Taylor;November 22, 2003
10215;Manfredo Palavicino;Giuseppe Rovani;November 22, 2003 
10216;Poems;Marietta Holley;November 22, 2003
10217;unknown;unknown;unknown
10218;Stauder;G.N. Brandt;November 23, 2003
10219;The Poetical Works of William Wordsworth;(Edited by William Knight);November 23, 2003
10220;Daddy Takes Us Skating;Howard R. Garis;November 23, 2003 
10221;Purple Springs;Nellie L. McClung;November 23, 2003 
10222;The Pilgrims of New England;Mrs. J. B. Webb;November 23, 2003
10224;Our Little Alaskan Cousin;Mary F. Nixon-Roulet;August 1, 2013
10225;Their Crimes;Various;November 24, 2003
10226;Beautiful Joe;by Marshall Saunders;November 24, 2003
10234;Old Creole Days;George Washington Cable;November 24, 2003
10251;Town Geology;Charles Kingsley;November 24, 2003 
10266;The Glands Regulating Personality;Louis Berman, M.D.;November 25, 2003
10267;The Outdoor Chums;Captain Quincy Allen;November 25, 2003
10268;Patty at Home;Carolyn Wells;November 25, 2003
10274;Sermons on Evil-Speaking;Isaac Barrow;November 25, 2003 
10289;Le Chat du Neptune;Ernest D'Hervilly;November 25, 2003
10290;Confession de Minuit;Georges Duhamel;November 25, 2003
10291;In The Fourth Year;H.G. Wells;November 26, 2003
10292;Punchinello, Vol. 2, No. 36, December 3, 1870;Various;November 26, 2003
10293;Relacion historica de los sucesos de la rebelion de Jose Gabriel;Anonymous;November 26, 2003
10294;Verse and Prose for Beginners in Reading;Horace Elisha Scudder, editor;November 26, 2003
10310;Audio: After Dinner Toast at Little Menlo;Arthur Sullivan;November 26, 2003 
10314;Sonnets;Michael Angelo Buonarroti & Tommaso Campanella;November 26, 2003
10315;Persian Literature, Volume 1,Comprising The Shah Nameh, The;Anonymous;November 26, 2003 
10316;Roy Blakeley's Adventures in Camp;Percy Keese Fitzhugh;November 26, 2003 
10317;Betty Gordon at Boarding School;Alice Emerson;November 27, 2003
10318;Damon and Delia;William Godwin;November 27, 2003
10319;Dave Darrin's Third Year at Annapolis;H. Irving Hancock;November 27, 2003
10320;Dotty Dimple at Play;Sophie May;November 27, 2003
10321;Dragon's blood;Henry Milner Rideout;November 27, 2003
10322;Miss Prudence;Jennie Maria (Drinkwater) Conklin;November 27, 2003
10323;The Rover Boys at College;Edward Stratemeyer;November 27, 2003
10324;Bull Hunter;Max Brand;November 27, 2003
10325;The Gospel of the Pentateuch;Charles Kingsley;November 27, 2003 
10326;David;Charles Kingsley;November 27, 2003 
10327;Alias The Lone Wolf;Louis Joseph Vance;November 29, 2003
10328;Poems;Walter R. Cassels;November 29, 2003
10329;Snubby Nose and Tippy Toes;Laura Rountree Smith;November 29, 2003
10330;Fruitfulness;Emile Zola;March 17, 2009
10331;The Mirror of Literature, Amusement, and Instruction;Various;November 29, 2003
10332;The Mirror of Literature, Amusement, and Instruction;Various;November 29, 2003
10333;The European Anarchy;G. Lowes Dickinson;November 29, 2003
10334;Van 't  viooltje dat weten wilde;Maria Catherina Metz-Koning (1864-1926);November 29, 2003
10335;Children's Rights and Others;Kate Douglas Smith Wiggin;November 29, 2003
10336;A Select Collection of Old English Plays, Vol. VII (4th edition);Various;November 29, 2003 
10337;Lady Into Fox;David Garnett;November 29, 2003 
10338;With the Turks in Palestine;Alexander Aaronsohn;November 30, 2003
10340;Dab Kinzer;William O. Stoddard;November 30, 2003
10341;The Great Events by Famous Historians, Vol. 21;Charles F. Horne, Editor;November 30, 2003
10342;The Velvet Glove;Henry Seton Merriman;November 30, 2003
10343;The Works of Charles and Mary Lamb, Volume 2;Charles Lamb;November 30, 2003 
10346;C'Etait ainsi...;Cyriel Buysse;December 1, 2003
10348;Audio: Go to Sea Once More;Roger McGuinn;January 8, 2004 
10349;Naar het middelpunt der Aarde;Jules Gabriel Verne (1828-1905);December 1, 2003
10350;The Works of Samuel Johnson, Vol. 6;Samuel Johnson;December 1, 2003
10351;The Works of Samuel Johnson, Vol. 10.;Samuel Johnson;December 1, 2003
10352;The Works of Samuel Johnson, Vol. 11.;Samuel Johnson;December 1, 2003
10353;Satyros oder Der vergoetterte Waldteufel;J.W. Goethe;December 1, 2003
10354;Die Laune des Verliebten;J.W. Goethe;December 1, 2003
10355;Travels in Morocco, Vol. 1.;James Richardson;December 1, 2003
10356;Travels in Morocco, Vol. 2.;James Richardson;December 1, 2003
10357;Life Of Johnson, Volume 4 (of 6);Boswell;December 1, 2003
10358;The Boss of Little Arcady;Harry Leon Wilson;December 1, 2003
10359;Aunt Jane's Nieces at Millville;Edith Van Dyne;December 1, 2003 
10360;Kitty's Class Day And Other Stories;Louisa M. Alcott;December 1, 2003 
10361;The Creative Process in the Individual;Thomas Troward;December 1, 2003 
10362;Sketches of the East Africa Campaign;Robert Valentine Dolbey;December 1, 2003 
10363;The Bravo;J. Fenimore Cooper;December 1, 2003
10364;Yeast: A Problem;Charles Kingsley;December 2, 2003 
10366;Freedom's Battle;Mahatma Gandhi;December 2, 2003
10368;The Vizier of the Two-Horned Alexander;Frank R. Stockton;December 2, 2003
10369;Memoir and Diary of John Yeardley, Minister of the Gospel;John Yeardley;December 2, 2003
10370;Sustained honor;John R. Musick,;December 2, 2003
10371;The Cinema Murder;E. Phillips Oppenheim;December 3, 2003
10372;Bunch Grass;Horace Annesley Vachell;December 3, 2003
10374;The Ramblin' Kid;Earl Wayland Bowman;D
10375;England's Antiphon;George MacDonald;December 3, 2003
10376;American Indian stories;Zitkala-Sa;December 3, 2003
10377;The Evil Guest;J. Sheridan Le Fanu;December 3, 2003
10378;Autobiography;John Stuart Mill;December 4, 2003
10379;At Love's Cost;Charles Garvice;December 4, 2003
10380;Bible Stories and Religious Classics;Philip P. Wells;December 4, 2003
10381;The History of a Crime;Victor Hugo;December 4, 2003
10382;Memoir of William Watts McNair;J. E. Howard;December 4, 2003
10383;The Maternal Management of Children, in Health and Disease.;Thomas Bull, M.D.;December 4, 2003
10384;Le Pays de l'or;Henri Conscience;December 4, 2003
10385;Histoire de la Revolution francaise, III;Adolphe Thiers;December 4, 2003
10386;Thoughts On The Necessity Of Improving The Condition Of The Slaves;Thomas Clarkson;December 5, 2003
10387;The Real America in Romance, Volume 6; A Century Too Soon (A Story;John R. Musick;December 5, 2003 
10388;Old English Plays, Vol. I;Various;December 5, 2003
10389;Northern Trails, Book I.;William J. Long;December 5, 2003
10390;The Edinburgh Lectures on Mental Science;Thomas Troward;December 5, 2003 
10391;The Wolf's Long Howl;Stanley Waterloo;December 5, 2003 
10392;The Reminiscences Of Sir Henry Hawkins (Baron Brampton);Henry Hawkins Brampton;December 6, 2003
10393;Making the House a Home;Edgar A. Guest;December 7, 2003
10394;Stolen Treasure;Howard Pyle;December 7, 2003
10395;Joy & Power;Henry van Dyke;December 7, 2003
10396;Andy the Acrobat;Peter T. Harkness;December 7, 2003
10397;Affairs of State;Burton E. Stevenson;December 7, 2003 
10398;The American Child;Elizabeth McCracken;December 7, 2003 
10400;Historie van Mejuffrouw Sara Burgerhart;Wolff en Deken;December 8, 2003
10401;Personal Memoir Of Daniel Drayton;Daniel Drayton;December 8, 2003
10402;A Man and His Money;Frederic Stewart Isham;December 8, 2003
10404;Man Size;William MacLeod Raine;December 8, 2003 
10409;The Crisis of the Naval War;John Rushworth Jellicoe;December 8, 2003
10410;The Powers and Maxine;Charles Norris Williamson;December 8, 2003
10417;Love, Life & Work;Elbert Hubbard;December 8, 2003
10418;The Money Moon;Jeffery Farnol;December 8, 2003
10419;The Forest Monster of Oz;Bob Evans;December 8, 2003 
10420;The Principles of Success in Literature;George Henry Lewes;December 9, 2003 
10421;The Life of Lord Byron;John Galt;December 9, 2003 
10422;Caesar Dies;Talbot Mundy;December 9, 2003
10425;Torquato Tasso;Johann Wolfgang von Goethe;December 9, 2003 
10426;Die natuerliche Tochter;Johann Wolfgang von Goethe;December 9, 2003 
10427;Scientific Essays and Lectures;Charles Kingsley;December 9, 2003 
10428;Die Aufgeregten;Johann Wolfgang von Goethe;December 9, 2003 
10429;Miss Lulu Bett;Zona Gale;December 10, 2003 
10430;Trips to the Moon;Lucian;December 10, 2003 
10431;Thirty Years a Slave;Louis Hughes;December 10, 2003 
10432;Aunt Jane's Nieces Out West ;Edith Van Dyne;December 10, 2003 
10433;A Flock of Girls and Boys;Nora Perry;December 10, 2003 
10434;Wyandotte;James Fenimore Cooper;December 11, 2003 
10435;The Atlantic Monthly, Volume 2, Issue 12, October, 1858;Various;December 11, 2003 
10436;Erick and Sally;Johanna Spyri;December 11, 2003 
10437;Pulpit and Press (6th Edition);Mary Baker Eddy;December 11, 2003 
10438;Up the Hill and Over;Isabel Ecclestone Mackay;December 12, 2003 
10439;From Yauco to Las Marias;Karl Stephen Herrman;December 12, 2003 
10440;Tutt and Mr. Tutt;Arthur Train;December 12, 2003 
10441;The Green Mouse;Robert W. Chambers;December 12, 2003 
10442;La comedie de la mort;Theophile Gautier;December 12, 2003
10443;The Rayner-Slade Amalgamation;J. S. Fletcher;December 12, 2003 
10444;The Peace Negotiations;Robert Lansing;December 13, 2003 
10445;American Big Game in Its Haunts;Various;December 13, 2003 
10446;The Green Flag;Arthur Conan Doyle;December 13, 2003 
10447;October Vagabonds ;Richard Le Gallienne;December 13, 2003 
10448;The Anti-Slavery Harp;Various;December 13, 2003 
10449;Burnham Breaker;Homer Greene;December 13, 2003 
10450;Punch, or the London Charivari, Vol. 153, Aug. 22, 1917;Various;December 13, 2003 
10451;Life Of Johnson, Volume 5;Boswell;December 14, 2003
10452;Peter's Mother;Mrs. Henry De La Pasture;December 14, 2003
10453;A Practical Physiology;Albert F. Blaisdell;December 14, 2003
10454;Tales for Young and Old;Various;December 14, 2003
10455;A Golden Book of Venice;Mrs. Lawrence Turnbull;December 14, 2003
10456;Atlantic Monthly, Volume 2, Issue 11, September, 1858;Various;December 14, 2003 
10457;The Lonely Dancer and Other Poems;Richard Le Gallienne;December 14, 2003 
10458;Three short works;Gustave Flaubert;December 14, 2003
10459;The Celtic Twilight;W. B. Yeats;December 14, 2003
10460;When Day is Done;Edgar A. Guest;December 14, 2003
10461;Journals of Australian Explorations;A C and F T Gregory;December 15, 2003
10463;The Little House in the Fairy Wood;Ethel Cook Eliot;December 15, 2003
10464;A Child's Anti-Slavery Book;Various;December 15, 2003
10465;The Outdoor Girls of Deepdale ;Laura Lee Hope;December 15, 2003 
10466;Little Saint Elizabeth and Other Stories ;Frances Hodgson Burnett;December 15, 2003 
10467;A Select Collection of Old English Plays, Vol. VIII (4th edition);Various;December 15, 2003 
10468;Aunt Jane's Nieces in Society;Edith Van Dyne;December 15, 2003 
10469;Johnny Crow's Garden;L. Leslie Brooke;December 15, 2003 
10470;unknown;unknown;unknown
10471;The World's Greatest Books, Vol. I;Various;December 15, 2003 
10472;Arthurian Chronicles: Roman de Brut;Wace;December 16, 2003
10473;The Heart of the Range;William Patterson White;December 16, 2003
10474;The Lost Naval Papers;Bennet Copplestone;December 16, 2003
10475;The Mirror of Literature, Amusement, and Instruction, Vol. 12,;Various;December 16, 2003 
10476;The Vanishing Man;R. Austin Freeman;December 16, 2003 
10477;Beacon Lights of History, Volume I;John Lord;December 16, 2003 
10478;Beacon Lights of History, Volume II;John Lord;December 16, 2003 
10479;Our Churches and Chapels;Atticus;December 16, 2003 
10482;The Young Mother;William A. Alcott;December 17, 2003
10483;Short Stories Old and New;Selected and Edited by C. Alphonso Smith;December 17, 2003
10484;Beacon Lights of History, Volume III;John Lord;December 17, 2003 
10485;Experiments in Government and the Essentials of the Constitution;Elihu Root;December 17, 2003 
10486;unknown;unknown;unknown
10487;unknown;unknown;unknown
10488;Audio: Away in a Manger;Roger McGuinn;December 17, 2003 
10489;An English Garner;Edited by Professor Arber and Thomas Seccombe;December 18, 2003
10490;The Golden Legend;Henry Wadsworth Longfellow;December 18, 2003
10491;Practice Book;Leland Powers;December 18, 2003
10494;Henry the Second;Mrs. J. R. Green;December 18, 2003 
10495;Under King Constantine;Katrina Trask;December 18, 2003 
10496;Red Masquerade;Louis Joseph Vance;December 18, 2003 
10497;Audio: Battle Hymn of the Republic;Roger McGuinn;December 18, 2003 
10498;Audio: Ain' No Mo' Cane on De Brazis;Roger McGuinn;December 19, 2003 
10499;Audio: Delia's Gone;Roger McGuinn;December 19, 2003 
10500;unknown;unknown;unknown
10501;unknown;unknown;unknown
10502;Vecchie Storie;Emilio De Marchi;December 19, 2003 
10503;unknown;unknown;unknown
10504;unknown;unknown;unknown
10505;unknown;unknown;unknown
10506;Romance de lobos, comedia barbara;Ramon del Valle-Inclan;December 20, 2003
10507;Mary, Erzaehlung;Bjornstjerne Bjornson;December 20, 2003
10508;The Sorrows of a Show Girl;Kenneth McGaffey;December 20, 2003 
10509;The Bars of Iron;Ethel May Dell;December 20, 2003 
10510;Inaugural Presidential Address;William Jefferson Clinton;June 12, 2008
10511;A Rogue by Compulsion;Victor Bridges;December 21, 2003 
10512;Het portret van Dorian Gray;Oscar Wilde;December 22, 2003
10513;On the Seashore;R. Cadwallader Smith;December 22, 2003 
10514;De jongere generatie;E. D'Oliveira;December 22, 2003
10515;Rhymes of a Roughneck;Pat O'Cotter;December 22, 2003 
10516;Bits About Home Matters;Helen Hunt Jackson;December 23, 2003
10517;Government and Rebellion;E. E. Adams;December 23, 2003
10518;Poems;John Hay;December 23, 2003
10519;Mercy Philbrick's Choice;Helen Hunt Jackson;December 23, 2003
10520;The Compleat Cook;Anonymous, given as "W. M.";December 23, 2003
10521;The Primadonna;F. Marion Crawford;December 23, 2003 
10522;Beacon Lights of History, Volume IV;John Lord;December 23, 2003 
10523;Alcestis;Euripides;December 23, 2003
10524;unknown;unknown;unknown
10525;unknown;unknown;unknown
10526;unknown;unknown;unknown
10527;unknown;unknown;unknown
10528;unknown;unknown;unknown
10529;unknown;unknown;unknown
10530;unknown;unknown;unknown
10531;Beacon Lights of History, Volume V;John Lord;December 24, 2003 
10532;Beacon Lights of History, Volume VI;John Lord;December 24, 2003 
10533;Beacon Lights of History, Volume VII;John Lord;December 25, 2003 
10534;The Double Traitor ;E. Phillips Oppenheim;December 25, 2003 
10535;Jingle Bells;John Pierpont;December 25, 2003 
10537;The Governors;E. Phillips Oppenheim;December 27, 2003 
10539;In the Riding-School; Chats With Esmeralda;Theo. Stephenson Browne;December 28, 2003 
10540;Mother Carey's Chickens;Kate Douglas Wiggin;December 29, 2003 
10541;Children's Classics In Dramatic Form;Augusta Stevenson;December 29, 2003 
10542;The Boats of the "Glen Carrig";William Hope Hodgson;December 29, 2003 
10543;Norwegian Life;Ethlyn T. Clough;December 30, 2003
10544;Punchinello, Volume 2, No. 37, December 10, 1870;Various;December 30, 2003
10545;The Sea Lions;James Fenimore Cooper;December 30, 2003
10546;So Runs the World;Henryk Sienkiewicz,;December 30, 2003
10548;The Westcotes;Arthur Thomas Quiller-Couch;December 30, 2003 
10549;A Romance of the Republic;Lydia Maria Francis Child;December 30, 2003 
10550;A Select Collection of Old English Plays, Vol. IX;Various;December 31, 2003
10551;Affair in Araby;Talbot Mundy;December 31, 2003
10552;Roy Blakeley;Percy Keese Fitzhugh;December 31, 2003 
10554;Right Ho, Jeeves;P. G. Wodehouse;June 29, 2007
10555;The Life of Marie Antoinette, Queen of France;Charles Duke Yonge;January 1, 2004
10556;The Old Man in the Corner;Baroness Orczy;January 1, 2004
10557;Johnny Crow's Party;L. Leslie Brooke;January 1, 2004
10560;The Last of the Foresters;John Esten Cooke;January 2, 2004
10561;Fine Feathers;W.W. Jacobs;January 1, 2004
10562;Friends In Need;W.W. Jacobs;January 1, 2004
10563;Good Intentions;W.W. Jacobs;January 1, 2004
10564;Fairy Gold;W.W. Jacobs;January 1, 2004
10565;Watch-Dogs;W.W. Jacobs;January 1, 2004
10566;The Bequest;W.W. Jacobs;January 1, 2004
10567;The Guardian Angel;W.W. Jacobs;January 1, 2004
10568;Dual Control;W.W. Jacobs;January 1, 2004
10569;Skilled Assistance;W.W. Jacobs;January 1, 2004
10570;For Better or Worse;W.W. Jacobs;January 1, 2004
10571;The Old Man of the Sea;W.W. Jacobs;January 1, 2004
10572;Manners Makyth Man;W.W. Jacobs;January 1, 2004
10573;Ship's Company, The Entire Collection;W.W. Jacobs;October 29, 2006
10574;The History of England, Volume I;David Hume;January 2, 2004 
10575;The Profiteers ;E. Phillips Oppenheim;January 2, 2004 
10576;The Aeroplane Boys Flight;John Luther Langworthy;January 2, 2004
10578;A Hidden Life and Other Poems;George MacDonald;January 2, 2004
10579;Joe Strong The Boy Fire-Eater;Vance Barnum;January 2, 2004
10580;The Positive School of Criminology;Enrico Ferri;January 2, 2004
10581;Uncle Bernac;Arthur Conan Doyle;January 2, 2004
10582;For Luncheon and Supper Guests;Alice Bradley;January 2, 2004
10583;Holland;Thomas Colley Grattan;January 3, 2004
10584;Air Service Boys Over the Atlantic ;Charles Amory Beach;January 3, 2004 
10585;My Strangest Case;Guy Boothby;January 4, 2004
10586;Mike and Psmith;P. G. Wodehouse;January 4, 2004
10587;The Poetical Works of Addison; Gay's Fables; and Somerville's Chase; Joseph Addison, John Gay, William Sommerville;January 4, 2004
10588;Seeing Europe with Famous Authors, Volume I.;Various;January 4, 2004
10589;Turkish Prisoners in Egypt;Various;January 4, 2004
10590;Lady Mary Wortley Montague;Lewis Melville;January 4, 2004
10591;A Lie Never Justifiable;H. Clay Trumbull;January 4, 2004 
10592;Adventures In Friendship;David Grayson;January 4, 2004
10594;Punch, or the London Charivari, Vol. 153, Sept. 12, 1917;Various;January 4, 2004 
10595;Punch, or the London Charivari, Vol. 153, Sept. 19, 1917;Various;January 4, 2004 
10596;Cap and Gown;Selected by Frederic Knowles;January 4, 2004
10597;Four Early Pamphlets;William Godwin;January 5, 2004
10598;The Lives of the Poets of Great Britain and Ireland (1753);Theophilus Cibber;January 5, 2004
10600;A General History and Collection of Voyages and Travels, Vol. 1;Robert Kerr;January 4, 2004
10601;The Rangeland Avenger;Max Brand;January 5, 2004
10602;The Poetical Works of Edmund Spenser, Volume 5;Edmund Spenser;January 5, 2004
10603;With Kelly to Chitral;William George Laurence Beynon;January 5, 2004
10604;Les affinites electives;Johann Wolfgang Goethe;January 4, 2004
10605;Adventures In Contentment;David Grayson;January 5, 2004
10606;The Tragedie of Hamlet, Prince of Denmark;George MacDonald;January 5, 2004
10607;The Real Mother Goose;(Illustrated by Blanche Fisher Wright);January 5, 2004
10608;The Turquoise Cup, and, The Desert;Arthur Cosslett Smith;January 5, 2004 
10609;English Literature;William J. Long;January 6, 2004
10610;Letters and Journals of James, Eighth Earl of Elgin;James, Eighth Earl of Elgin;January 6, 2004
10611;An Essay on the Slavery and Commerce of the Human Species, Particularly the African;Thomas Clarkson;January 6, 2004
10612;Supply and Demand;Hubert D. Henderson;January 6, 2004
10613;The Theory of Social Revolutions;Brooks Adams;January 6, 2004
10614;Punch, or the London Charivari, Vol. 153, Sept. 5, 1917;Various;January 6, 2004 
10616;An Essay Concerning Humane Understanding, Volume II.;John Locke;January 6, 2004
10617;Within the Deep;R. Cadwallader Smith;January 6, 2004
10618;Jesus Says So;Unknown;January 22, 2004
10619;An Englishman's Travels in America;John Benwell;January 6, 2004
10620;The Works of Francis Beaumont and John Fletcher in Ten Volumes;Beaumont and Fletcher;January 7, 2004
10621;Birthright;T.S. Stribling;January 7, 2004
10622;The Lives of the Poets of Great Britain and Ireland (1753);Theophilus Cibber;January 7, 2004
10623;Plays;Susan Glaspell;January 7, 2004
10626;Atlantic Monthly, Volume 2, Issue 10, August, 1858;Various;January 7, 2004 
10627;Beacon Lights of History, Volume VIII;John Lord;January 8, 2004 
10628;Andrew Golding;Annie E. Keeling;January 8, 2004
10629;Britain at Bay;Spenser Wilkinson;January 8, 2004
10630;Coming to the King;Frances Ridley Havergal;January 8, 2004
10631;Halleck's New English Literature;Reuben P. Halleck;January 8, 2004
10632;The Healthy Life Cook Book, 2d ed.;Florence Daniel;January 8, 2004
10633;The History of the Rise, Progress and Accomplishment of the;Thomas Clarkson;May 16, 2007
10635;Stories from the Italian Poets: With Lives of the Writers, Vol. 2;Leigh Hunt;January 8, 2004
10637;The Uprising of a Great People;Count Agenor de Gasparin;January 8, 2004
10638;The Youthful Wanderer;George H. Heffner;January 8, 2004
10639;Phrases for Public Speakers and Paragraphs for Study;Compiled by Grenville Kleiser;January 8, 2004
10640;Beacon Lights of History, Volume IX;John Lord;January 8, 2004 
10641;Beacon Lights of History, Volume X;John Lord;January 8, 2004 
10642;Towards the Great Peace;Ralph Adams Cram;January 8, 2004
10643;The Worlds Greatest Books;Arthur Mee, J. A. Hammerton, Eds.;January 8, 2004
10644;Beacon Lights of History, Volume XI;John Lord;January 8, 2004 
10645;unknown;unknown;unknown
10646;Audio: Roddy McCorley;Roger McGuinn;January 8, 2004 
10647;Beacon Lights of History, Volume XII;John Lord;January 8, 2004 
10648;Beacon Lights of History, Volume XIII;John Lord;January 8, 2004 
10649;Beacon Lights of History, Volume XIV;John Lord;January 9, 2004 
10650;Audio: When the Saints Go Marching In;Roger McGuinn;January 8, 2004 
10651;Audio: Shenandoah;Roger McGuinn;January 8, 2004 
10652;Audio: Spanish is the Loving Tongue;Roger McGuinn;January 8, 2004 
10653;Audio: The Squid-Jigging Ground;Roger McGuinn;January 8, 2004 
10654;Audio: The St. James Infirmary Blues;Roger McGuinn;January 8, 2004 
10655;Autobiography of Sir George Biddell Airy;George Biddell Airy;January 9, 2004
10656;A Collection of Old English Plays, Vol. II;Various;January 9, 2004
10657;"De Bello Gallico" and Other Commentaries;Caius Julius Caesar;January 9, 2004
10658;Hilda Lessways;Arnold Bennett;January 9, 2004
10659;Three More John Silence Stories;Algernon Blackwood;January 9, 2004
10660;Lives of the English Poets;Henry Francis Cary;January 9, 2004
10661;A Selection from the Discourses of Epictetus With the Encheiridion;Epictetus;January 9, 2004
10662;The Night Land;William Hope Hodgson;January 9, 2004
10663;Punch, or the London Charivari, Vol. 153, Sept. 26, 1917;Various;January 9, 2004 
10664;Specialiteiten;Multatuli;January 9, 2004
10665;Life, Letters, and Epicurean Philosophy of Ninon de L'Enclos,;Robinson [and] Overton, ed. and translation.;January 10, 2004
10666;The Public vs. M. Gustave Flaubert;Various;January 10, 2004
10668;The War and Democracy; R.W. Seton-Watson, J. Dover Wilson, Alfred E. Zimmern,;January 10, 2004
10669;At Last;Charles Kingsley;January 10, 2004 
10670;With Zola in England;Ernest Alfred Vizetelly;January 10, 2004
10671;The Botanic Garden. Part II.;Erasmus Darwin;January 11, 2004
10673;The Principal Navigations, Voyages, Traffiques,;Richard Hakluyt;January 11, 2004
10674;How to Use Your Mind;Harry D. Kitson;January 11, 2004
10675;Pebbles on the Shore;Alpha of the Plough (Alfred George Gardiner);January 11, 2004
10676;The Reign of Greed;Jose Rizal;October 10, 2005
10677;Biographical Memorials of James Oglethorpe;Thaddeus Mason Harris;January 11, 2004 
10679;The Story of the Other Wise Man;Henry van Dyke;January 11, 2004 
10681;Roget's Thesaurus of English Words and Phrases: Body;Roget;April 19, 2004 
10682;Les chasseurs de chevelures;Captain Mayne-Reid;January 11, 2004
10683;Lettre a l'Empereur Alexandre sur la traite des noirs;William Wilberforce;January 11, 2004
10684;A History of Freedom of Thought;John Bagnell Bury;January 11, 2004
10685;Curiosites Infernales;P. L. Jacob;January 11, 2004
10686;Tine;Herman Bang;January 11, 2004
10687;Tartarin de Tarascon;Alphonse Daudet;January 11, 2004
10688;The Campfire Girls at Camp Keewaydin;Hildegard G. Frey;January 11, 2004 
10689;La Cour de Louis XIV;Imbert de Saint-Amand;January 12, 2004
10690;A Desperate Chance;Old Sleuth (Harlan P. Halsey);January 12, 2004
10691;Select Speeches of Kossuth;Kossuth;January 12, 2004
10692;A Life of Gen. Robert E. Lee;John Esten Cooke;January 12, 2004
10693;A Political Diary 1828-1830, Volume II;Edward Law (Lord Ellenborough);January 12, 2004
10694;Sea-Power and Other Studies;Admiral Sir Cyprian Bridge;January 12, 2004
10695;Atlantic Monthly, Volume 3, Issue 15, January, 1859;Various;January 12, 2004 
10696;The Danger Trail;James Oliver Curwood;January 12, 2004 
10697;Discours sur la necessite et les moyens de detruire l'esclavage;M. de Ladebat;January 12, 2004
10698;The Aeroplane Boys on the Wing;John Luther Langworthy;January 13, 2004
10699;Character Writings of the 17th Century;Various;January 13, 2004
10700;The History of England from the First Invasion by the Romans;John Lingard and Hilaire Belloc;January 13, 2004
10703;The History of Rome, Book III;Theodor Mommsen;May 4, 2004 
10707;A Christmas Mystery;William J. Locke;January 13, 2004
10708;Miscellaneous Essays;Thomas de Quincey;January 13, 2004
10709;Prince Zaleski;M.P. Shiel;January 13, 2004
10710;Problems of Poverty;John A. Hobson;January 13, 2004 
10711;Punch, or the London Charivari, Vol. 153, Oct. 3, 1917;Various;January 13, 2004 
10714;The Art of Literature;Arthur Schopenhauer;January 14, 2004
10715;Counsels and Maxims;Arthur Schopenhauer;January 14, 2004
10716;The Epic;Lascelles Abercrombie;January 14, 2004
10717;The Extant Odes of Pindar;Pindar;January 14, 2004
10718;The House of Whispers;William Le Queux;January 14, 2004 
10719;The Mirror of Literature, Amusement, and Instruction, Vol. 12,;Various;January 14, 2004 
10721;Punch, or the London Charivari, Vol. 153, Oct. 10, 1917;Various;August 8, 2005
10722;Plays;Alexander Ostrovsky;January 15, 2004
10723;Betty's Bright Idea; Deacon Pitkin's Farm; and The First Christmas;Harriet Beecher Stowe;January 15, 2004 
10724;The Store Boy;Horatio Alger, Jr.;January 15, 2004 
10725;The Centralia Conspiracy;Ralph Chaplin;January 16, 2004 
10726;Outlines of Lessons in Botany, Part I; From Seed to Leaf;Jane H. Newell;January 16, 2004 
10727;A Set of Rogues;Frank Barrett;January 16, 2004 
10728;Christie, the King's Servant;Mrs. O. F. Walton;January 16, 2004 
10729;Jack's Ward;Horatio Alger, Jr.;January 16, 2004 
10730;The Mirror of Literature, Amusement, and Instruction, Vol. 12,;Various;January 17, 2004 
10731;The Essays of Arthur Schopenhauer; The Art of Controversy;Arthur Schopenhauer;January 17, 2004 
10732;The Essays of Arthur Schopenhauer; Studies in Pessimism;Arthur Schopenhauer;January 17, 2004 
10733;Studies in Civics;James T. McCleary;January 17, 2004 
10734;A Collection of Old English Plays, Vol. III;Various;January 17, 2004
10735;Christmas Eve on Lonesome and Other Stories;John Fox, Jr.;January 17, 2004 
10736;Children of the Frost;Jack London;January 17, 2004 
10737;Book about Animals;Rufus Merrill;January 18, 2004
10738;Mahomet;Gladys M. Draycott;January 18, 2004
10739;The Essays Of Arthur Schopenhauer;Arthur Schopenhauer;January 18, 2004
10740;The Way of Peace;James Allen;January 18, 2004
10741;The Essays Of Arthur Schopenhauer: The Wisdom of Life;Arthur Schopenhauer;January 18, 2004
10742;The Picture Alphabet;Oliver Spafford;January 18, 2004 
10743;Moonfleet;J. Meade Falkner;January 18, 2004
10744;Men, Women, and Ghosts;Elizabeth Stuart Phelps;January 18, 2004
10745;The Story of the Champions of the Round Table;Howard Pyle;January 18, 2004 
10746;Boule de Suif;Guy de Maupassant;January 19, 2004
10747;Chantecler;Edmond Rostand;January 19, 2004
10748;The World's Greatest Books, Vol III;Arthur Mee and J.A. Hammerton, Eds.;January 19, 2004
10749;The Circus Procession;Unknown;January 21, 2004 
10750;The Miracle and Other Poems;Virna Sheard;January 19, 2004 
10751;Oregon, Washington and Alaska; Sights and Scenes for the Tourist;E. L. Lomax;January 19, 2004 
10752;Thoughts in Heads;Harry Stojan;January 20, 2004 
10753;Open Source Democracy;Douglas Rushkoff;January 20, 2004 
10754;Little Sarah;Unknown;January 20, 2004 
10755;The Broken Road ;A. E. W. Mason;January 20, 2004 
10756;Between Whiles;Helen Hunt Jackson;January 20, 2004 
10757;Audio: Pretty Saro;Roger McGuinn;January 20, 2004 
10758;Audio: Star-Spangled Banner;Roger McGuinn;January 20, 2004 
10759;Audio: Tarrytown;Roger McGuinn;January 20, 2004 
10760;A Florida Sketch-Book;Bradford Torrey;January 21, 2004
10761;Essays of Robert Louis Stevenson;Robert Louis Stevenson;January 21, 2004
10763;It Can Be Done;Joseph Morris;January 21, 2004
10764;Lettres ecrites d'Egypte et de Nubie en 1828 et 1829;Champollion le Jeune [Jean-Francois Champollion];January 21, 2004
10765;Thrilling Adventures by Land and Sea;James O. Brayman;January 21, 2004
10767;Courage;J. M. Barrie;January 21, 2004
10768;L'egyptologie;Gaston Maspero;January 21, 2004
10769;A Wanderer in Florence;E. V. Lucas;January 21, 2004
10770;The Former Philippines thru Foreign Eyes;Tomas de Comyn;April 14, 2011
10771;Philippine Folklore Stories;John Maurice Miller;January 21, 2004
10772;Inca Land;Hiram Bingham;January 21, 2004
10773;Ancient and Modern Physics;Thomas E. Willson;January 21, 2004
10774;Recits d'un soldat;Amedee Achard;January 21, 2004
10775;Le Horla and Others;Guy de Maupassant;January 22, 2004
10776;The Moving Picture Boys at Panama;Victor Appleton;January 22, 2004
10777;Probable Sons;Amy LeFeuvre;January 22, 2004
10778;The Prose Marmion;Sara D. Jenkins;January 22, 2004
10779;Happy Little Edward;Unknown;January 22, 2004
10780;Only an Incident;Grace Denio Litchfield;January 22, 2004
10781;Deserted;W.W. Jacobs;January 22, 2004
10782;Homeward Bound;W.W. Jacobs;January 22, 2004
10783;Self-Help;W.W. Jacobs;January 22, 2004
10784;Sentence Deferred;W.W. Jacobs;January 22, 2004
10785;Matrimonial Openings;W.W. Jacobs;January 22, 2004
10786;Odd Man Out;W.W. Jacobs;January 22, 2004
10787;The Toll-House;W.W. Jacobs;January 22, 2004
10788;Peter's Pence;W.W. Jacobs;January 22, 2004
10789;The Head of The Family;W.W. Jacobs;January 22, 2004
10790;Prize Money;W.W. Jacobs;January 22, 2004
10791;Double Dealing;W.W. Jacobs;January 22, 2004
10792;Keeping Up Appearances;W.W. Jacobs;January 22, 2004
10794;Dahcotah;Mary Eastman;January 22, 2004
10795;Yorkshire--Coast & Moorland Scenes;Gordon Home;January 22, 2004
10796;The Story of the Two Bulls;John R. Bolles;January 22, 2004
10797;The Wits and Beaux of Society;Grace & Philip Wharton;January 22, 2004
10798;Paths of Glory;Irvin S. Cobb;January 22, 2004
10799;Clarissa, Volume 5 (of 9);Samuel Richardson;January 23, 2004
10800;The Anatomy of Melancholy;Democritus Junior;January 13, 2004
10801;Coleridge's Literary Remains, Volume 4.;Samuel Taylor Coleridge;January 23, 2004
10803;A General History and Collection of Voyages and Travels, Vol. II;Robert Kerr;January 23, 2004
10804;The Fortunate Foundlings;unknown;unknown
10805;Count The Cost;Jonathan Steadfast;January 23, 2004
10806;The Sword of Welleran and Other Stories;Lord Dunsany;January 23, 2004
10807;The Constitutional History of England From 1760 to 1860;Charles Duke Yonge;January 23, 2004
10808;Consumers' Cooperative Societies in New York State;The Consumers' League of New York;January 23, 2004
10809;Why We Are At War (2nd Edition, revised);Members of the Oxford Faculty of Modern History;January 23, 2004 
10810;The Young Trail Hunters;Samuel Woodworth Cozzens;January 23, 2004 
10811;De La Salle Fifth Reader;Brothers of the Christian Schools;January 23, 2004
10812;The Worshipper of the Image;Richard Le Gallienne;January 23, 2004
10813;A Versailles Christmas-Tide;Mary Stuart Boyd;January 23, 2004
10814;Legends, Tales and Poems;Gustavo Adolfo Becquer;January 24, 2004
10815;Messages and Papers of the Presidents: Harrison;James D. Richardson;January 24, 2004
10816;The Giant Hands;Alfred Crowquill;January 24, 2004
10817;Anne Severn and the Fieldings;May Sinclair;January 29, 2004
10818;Sport and Work on the Nepaul Frontier;James Inglis;January 24, 2004
10819;De kleine Johannes;Frederik van Eeden;January 24, 2004
10820;Een liefde;Lodewijk van Deyssel;January 24, 2004
10821;Manfredo;Lord Byron;January 24, 2004
10822;El paraiso de las mujeres;Vicente Blasco Ibanez;January 24, 2004
10823;Reise durch England und Schottland;Johanna Schopenhauer;January 24, 2004
10824;Un tournoi a Romans en 1484;Ulysse Chevalier;February 7, 2004
10826;The Book-Bills of Narcissus;Le Gallienne, Richard;January 25, 2004
10828;Roman History, Books I-III;Titus Livius;January 25, 2004
10829;Ludvigsbakke;Herman Bang;January 25, 2004
10830;Cinderella;Henry W. Hewet;January 25, 2004
10831;The Village in the Mountains; Conversion of Peter Bayssiere; and History of a Bible;Anonymous;January 25, 2004
10832;Carnacki, The Ghost Finder;William Hope Hodgson;January 25, 2004 
10833;The Essays of Arthur Schopenhauer; Religion, A Dialogue, Etc.;Arthur Schopenhauer;January 25, 2004 
10834;The History of Insects;Unknown;January 25, 2004 
10835;Dr. Johnson's Works: Life, Poems, and Tales, Volume 1;Samuel Johnson;January 25, 2004
10837;The Soul of Democracy;Edward Howard Griggs;January 26, 2004
10838;The Mirror of Literature, Amusement, and Instruction, Vol. 13,;Various;January 26, 2004 
10839;Sugar and Spice;James Johnson;January 26, 2004 
10840;The Explorers of Australia and their Life-work;Ernest Favenc;January 26, 2004
10841;L'archeologie egyptienne;G. Maspero;January 27, 2004
10842;The Life of Captain James Cook;Arthur Kitson;January 27, 2004
10843;The Mental Life of Monkeys and Apes;Robert M. Yerkes;January 27, 2004
10844;A Gentleman from Mississippi;Thomas A. Wise;January 28, 2004
10845;The Mirror of Literature, Amusement, and Instruction, Vol. 12,;Various;January 28, 2004 
10846;Seekers after God;Frederic William Farrar;January 28, 2004 
10847;The Maids Tragedy;Francis Beaumont and John Fletcher;January 28, 2004
10848;Natalie;Ferna Vale;January 28, 2004
10849;Saved at Sea;Mrs. O.F. Walton;January 28, 2004
10850;Philaster;Francis Beaumont and John Fletcher;January 28, 2004
10851;The Works of Charles and Mary Lamb (Vol. 6);Charles and Mary Lamb;January 28, 2004
10852;Hardy Ornamental Flowering Trees and Shrubs;A. D. Webster;January 28, 2004
10853;Our Gift;Teachers of the School Street Universalist Sunday School, Boston;January 28, 2004
10854;Atlantic Monthly, Vol. VI.,October, 1860.--No. XXXVI.;Various;January 28, 2004
10855;Is Mars Habitable?;Alfred Russel Wallace;January 28, 2004
10856;A Narrative Of The Siege Of Delhi;Charles John Griffiths;January 28, 2004
10857;My Native Land;James Cox;January 28, 2004
10858;A Compilation of the Messages and Papers of the Presidents,;Edited by James D. Richardson;January 28, 2004
10859;Paul and Virginia;Bernadin de Saint-Pierre;January 28, 2004
10860;The Gracchi Marius and Sulla;A.H. Beesley;January 29, 2004
10861;Paris under the Commune;John Leighton;January 29, 2004
10862;The White Waterfall;James Francis Dwyer;January 29, 2004
10864;A Visit to the Monastery of La Trappe in 1817;W.D. Fellowes;January 29, 2004
10865;Play-Making;William Archer;January 29, 2004
10866;The Dolorous Passion of Our Lord Jesus Christ;Anna Catherine Emmerich;January 30, 2004 
10867;Atlantic Monthly, Vol. II., November, 1858., No. XIII.;Various;January 30, 2004
10868;Clerambault;Rolland, Romain;January 30, 2004
10869;The Abandoned Room;Wadsworth Camp;January 30, 2004
10870;Are You A Bromide?;Gelett Burgess;January 30, 2004
10871;At Sunwich Port, Part 1.;W.W. Jacobs;January 30, 2004
10872;At Sunwich Port, Part 2.;W.W. Jacobs;January 30, 2004
10873;At Sunwich Port, Part 3.;W.W. Jacobs;January 30, 2004
10874;At Sunwich Port, Part 4.;W.W. Jacobs;January 30, 2004
10875;At Sunwich Port, Part 5.;W.W. Jacobs;January 30, 2004
10876;At Sunwich Port, Complete;W.W. Jacobs;October 29, 2006
10877;The Tragedies of the Medici;Edgcumbe Staley;January 30, 2004
10878;The Mule;Harvey Riley;January 30, 2004
10879;A Compilation of Messages and Letters of the Presidents;Editor: James D. Richardson;January 30, 2004
10880;Teddy's Button;Amy Le Feuvre;January 31, 2004
10881;Crescent and Iron Cross;E. F. Benson;January 31, 2004
10882;The Eagle's Shadow;James Branch Cabell;January 31, 2004
10883;Dio's Rome, Vol. 4;Cassius Dio;January 31, 2004
10884;A Publisher and His Friends;Samuel Smiles;January 31, 2004
10885;Stories from the Italian Poets: With Lives of the Writers, Volume 1;Leigh Hunt;January 31, 2004
10886;The Untamed;Max Brand;January 31, 2004
10887;Babylonian and Assyrian Literature;Anonymous;January 31, 2004
10888;Arthur Hamilton, and His Dog;Anonymous;January 31, 2004
10889;The Life and Romances of Mrs. Eliza Haywood;George Frisbie Whicher;January 31, 2004
10890;Dio's Rome, Volume V., Books 61-76 (A.D. 54-211);Cassius Dio;January 31, 2004
10891;Algonquin Indian Tales;Egerton R. Young;January 31, 2004
10893;A Compilation of the Messages and Papers of the Presidents;Edited by James D. Richardson;January 31, 2004
10894;A Compilation of the Messages and Papers of the Presidents;Edited by James D. Richardson;January 31, 2004
10895;A Compilation of the Messages and Papers of the Presidents;Edited by James D. Richardson;January 31, 2004
10896;The Mirror of Literature, Amusement, and Instruction,;Various;January 31, 2004
10897;The Wendigo;Algernon Blackwood;January 31, 2004
10898;American Scenes, and Christian Slavery;Ebenezer Davies;February 1, 2004
10899;Olivia in India;O. Douglas;February 1, 2004
10901;Three Young Knights;Annie Hamilton Donnell;February 1, 2004
10902;Big and Little Sisters;Theodora R. Jenness;February 1, 2004
10903;Punch, or the London Charivari, Vol. 153, Oct. 17, 1917;Various;February 1, 2004 
10904;Frank Merriwell's Nobility;Burt L. Standish (AKA Gilbert Patten);February 1, 2004
10905;Phantom Fortune, A Novel;M. E. Braddon;February 1, 2004
10906;Quinze Jours en Egypte;Fernand Neuray;February 1, 2004
10907;The History of Rome; Books Nine to Twenty-Six;Titus Livius;February 1, 2004 
10908;Manual for Noncommissioned Officers and Privates of Infantry;War Department;February 1, 2004
10909;Los Amantes de Teruel;Hartzenbusch, Juan Eugenio;February 2, 2004
10910;Robert Louis Stevenson, an Elegy; And Other Poems;Richard Le Gallienne;February 2, 2004
10911;Buried Alive: A Tale of These Days;Arnold Bennett;February 2, 2004
10912;The Infant's Delight: Poetry;Anonymous;February 2, 2004
10913;English Poems;Richard Le Gallienne;February 2, 2004
10915;The Girl's Cabinet of Instructive and Moral Stories;Uncle Philip;February 2, 2004 
10916;Parent and Child Vol. III., Child Study and Training;Mosiah Hall;February 2, 2004
10917;Die Familie Pfaeffling;Agnes Sapper;February 2, 2004 
10918;The Log of a Noncombatant;Horace Green;February 3, 2004
10919;A Compilation of the Messages and Papers of the Presidents;James D. Richardson;February 3, 2004
10920;Two Years Ago, Volume I;Charles Kingsley;February 3, 2004
10921;The World's Greatest Books, Vol IV.;Editors: Arthur Mee and J.A. Hammerton;February 3, 2004
10922;Young Lives;Richard Le Gallienne;February 3, 2004
10923;Punch, or the London Charivari, Vol. 153, Aug 29, 1917;Various;February 3, 2004 
10924;The Lands of the Saracen;Bayard Taylor;February 3, 2004
10925;A Collection Of Old English Plays, Vol. IV.;Editor: A.H. Bullen;February 3, 2004
10926;Saxe Holm's Stories;Helen Hunt Jackson;February 3, 2004
10928;Bengal Dacoits and Tigers;Maharanee Sunity Devee;January 18, 2010
10929;The Dog Crusoe and His Master;Robert Michael Ballantyne;February 4, 2004
10930;The Buccaneer Farmer;Harold Bindloss;February 4, 2004
10931;The Lullaby, With Original Engravings;John R. Bolles;February 4, 2004
10932;Over the Pass;Frederick Palmer;February 4, 2004
10933;Punchinello, Vol. II. No. 38, Saturday, December 17, 1870.;Various;February 4, 2004
10934;Punchinello, Vol. II., No. 39., Saturday, December 24, 1870.;Various;February 4, 2004
10935;The Wonderful Adventures of Nils;Selma Lagerloef;February 4, 2004
10936;The Girl Aviators' Motor Butterfly;Margaret Burnham;February 4, 2004
10937;The Life of St. Mochuda of Lismore;Saint Mochuda;February 4, 2004
10938;The Headsman;James Fenimore Cooper;February 4, 2004
10939;After Waterloo: Reminiscences of European Travel 1815-1819;Major W. E Frye;February 4, 2004
10940;Manners, Custom and Dress During the Middle Ages and During the Renaissance Period;Paul Lacroix;February 4, 2004
10942;The Claim Jumpers;Stewart Edward White;February 4, 2004
10943;Elusive Isabel;Jacques Futrelle;February 4, 2004
10944;From a Bench in Our Square;Samuel Hopkins Adams;February 4, 2004
10945;Lays of the Scottish Cavaliers and Other Poems;W.E. Aytoun;February 4, 2004
10946;Three Frenchmen in Bengal;S.C. Hill;February 4, 2004
10947;The Best American Humorous Short Stories;Various;February 5, 2004
10948;The Stories of the Three Burglars;Frank Richard Stockton;February 5, 2004
10949;The Romance of Zion Chapel [3d ed.];Richard Le Gallienne;February 5, 2004
10950;The Mirror of Literature, Amusement, and Instruction;Various;February 5, 2004
10951;A Compilation of the Messages and Papers of the Presidents, Volume;James D. Richardson;February 5, 2004 
10952;Punch, or the London Charivari, Vol. 156, Jan. 15, 1919;Various;February 5, 2004 
10953;Histoire de la Revolution francaise, Tome Cinquieme;Adolphe Thiers;February 6, 2004
10954;The Girl Aviators' Sky Cruise;Margaret Burnham;February 6, 2004
10955;The Gospels in the Second Century;William Sanday;February 6, 2004
10956;Indian speeches (1907-1909);John Morley (AKA Viscount Morley);February 6, 2004
10957;The Love Affairs of Great Musicians, Volume 1;Rupert Hughes;February 6, 2004
10958;An Unwilling Maid;Jeanie Gould Lincoln;February 6, 2004
10959;The Visits of Elizabeth;Elinor Glyn;February 6, 2004
10960;Vergil;Tenney Frank;February 6, 2004
10961;Lawn Tennis for Ladies;Mrs. Lambert Chambers;February 6, 2004
10962;Concerning Animals and Other Matters;E.H. Aitken, (AKA Edward Hamilton);February 6, 2004
10963;The Grip of Desire;Hector France;February 6, 2004 
10964;Punch, or the London Charivari, Vol. 156, Jan. 1, 1919;Various;February 6, 2004 
10965;The World Turned Upside Down;Anonymous;February 6, 2004
10967;Four Weeks in the Trenches;Fritz Kreisler;February 6, 2004
10968;A Century of Negro Migration;Carter G. Woodson;February 6, 2004
10969;Ski-running;Katharine Symonds Furse;February 7, 2004
10970;Pragmatism;D.L. Murray;February 7, 2004
10972;With the "Die-Hards" in Siberia;John Ward;February 6, 2004 
10973;The Late Mrs. Null;Frank Richard Stockton;February 7, 2004
10974;A Ride to India across Persia and Baluchistan;Harry De Windt;February 7, 2004
10975;Vitaulium: Hofwyck en Spaansche Wijsheit;Constantijn Huygens;February 9, 2004
10976;The Apricot Tree;Unknown;February 7, 2004
10977;The Grizzly King;James Oliver Curwood;February 7, 2004 
10978;Hidden Creek;Katharine Newlin Burt;February 7, 2004 
10979;Footsteps on the Road to Learning;;Anonymous;February 7, 2004
10980;Lady John Russell;unknown;February 7, 2004 
10981;Child's New Story Book;;Anonymous;February 7, 2004
10982;La tentation de Saint Antoine;Gustave Flaubert;February 8, 2004
10983;The Young Captives;Anonymous;February 8, 2004
10984;Growth of the Soil;Knut Hamsun;February 8, 2004
10985;The Infant System;Samuel Wilderspin;February 8, 2004
10986;Frederick Douglass;Charles Waddell Chesnutt;February 8, 2004
10987;The Adventures of Little Bewildered Henry;Anonymous;February 8, 2004
10988;The Devil's Admiral;Frederick Ferdinand Moore;February 8, 2004
10989;Our Saviour;Anonymous;February 8, 2004
10990;Selected Speeches on British Foreign Policy 1738-1914;unknown;February 8, 2004 
10991;Dogs and All About Them;Robert Leighton;February 8, 2004
10992;Cleopatra;Jacob Abbott;February 8, 2004 
10993;The World's Greatest Books, Volume V.;Arthur Mee and J.A. Hammerton, Eds.;February 8, 2004
10994;The Good Resolution;Anonymous;February 8, 2004
10995;Two Years Ago, Volume II.;Charles Kingsley;February 8, 2004
10996;Whig Against Tory;Unknown;February 9, 2004
10997;The World of Waters;Mrs. David Osborne;February 9, 2004
10998;A Catechism of the Steam Engine;John Bourne;February 9, 2004
10999;Tales of Bengal;S. B. Banerjea;Fe
11003;Michelangelo's Shoulder;John Moncure Wetterau;February 9, 2004 
11004;Joe Burke's Last Stand;John Moncure Wetterau;February 9, 2004 
11005;O+F;John Moncure Wetterau;February 9, 2004 
11007;Jemmy Stubbins, or The Nailer Boy;Unknown Author;February 9, 2004
11008;Antwerp to Gallipoli;Arthur Ruhl;February 9, 2004
11009;Labor's Martyrs;Vito Marcantonio;February 9, 2004
11010;The Spectator, Volume 2.;Addison and Steele;February 9, 2004
11011;A Hilltop on the Marne;Mildred Aldrich;February 9, 2004 
11012;The Autobiography of an Ex-Colored Man;James Weldon Johnson;February 9, 2004
11014;Christmas in Legend and Story;Elva S. Smith;February 10, 2004
11015;Pantheism, Its Story and Significance;J. Allanson Picton;February 10, 2004
11016;The Port of Adventure;Charles Norris Williamson and Alice Muriel Williamson;February 10, 2004
11017;Samuel F. B. Morse, His Letters and Journals;Samuel F. B. Morse;February 10, 2004
11018;Samuel F. B. Morse, His Letters and Journals;Samuel F. B. Morse;February 10, 2004
11019;Van Bibber and Others;Richard Harding Davis;February 10, 2004
11020;Angels & Ministers;Laurence Housman;February 10, 2004
11021;A Compilation of the Messages and Papers of the Presidents;James D. Richardson;February 10, 2004
11022;Sowing and Reaping;Frances Ellen Watkins Harper;February 10, 2004 
11023;Gems of Poetry, for Girls and Boys;Unknown;February 10, 2004 
11025;Phaethon;Charles Kingsley;February 10, 2004 
11026;Literary and General Lectures and Essays;Charles Kingsley;February 10, 2004 
11027;Grimm's Fairy Stories;Jacob Grimm and Wilhelm Grimm;February 10, 2004 
11028;Philippine Folk-Tales;Clara Kern Bayliss, Berton L. Maxfield, W. H. Millington,;February 10, 2004
11029;American Hero-Myths;Daniel G. Brinton;February 11, 2004
11031;Samuel Johnson;Leslie Stephen;February 11, 2004
11032;Wilson's Tales of the Borders and of Scotland, Vol. XXIII.;Various;February 11, 2004
11033;The Angel Over the Right Shoulder;Elizabeth Wooster Stuart Phelps;February 11, 2004
11034;A Compilation of the Messages and Papers of the Presidents;James D. Richardson;February 11, 2004
11035;Aziyade;Pierre Loti;February 11, 2004
11036;Legendes Normandes;Gaston Lavalley;February 11, 2004
11037;La veille d'armes;Claude Farrere et Lucien Nepoty;February 11, 2004
11038;En ballon! Pendant le siege de Paris;Gaston Tissandier;February 11, 2004
11039;A Woman's Journey Round the World;Ida Pfeiffer;February 11, 2004 
11041;The Half-Back;Ralph Henry Barbour;February 11, 2004 
11042;Isabelle;Andre Gide;February 11, 2004
11043;Midnight;Octavus Roy Cohen;February 11, 2004 
11044;The Existence of God;Francois de Salignac de La Mothe- Fenelon;February 11, 2004 
11045;The Ghost Ship;Richard Middleton;February 11, 2004
11046;La vie d'Ernest Psichari;Henri Massis;February 12, 2004
11047;Libro segundo de lectura;Ellen M. Cyr;February 12, 2004
11049;Eugenie Grandet;Honore de Balzac;February 12, 2004
11050;Taquisara;F. Marion Crawford;February 12, 2004
11051;The Cruise of the Dazzler;Jack London;February 12, 2004
11052;The Custom of the Country;Edith Wharton;February 12, 2004
11053;Minnie's Sacrifice;Frances Ellen Watkins Harper;February 12, 2004
11054;Poems (1786), Volume I.;Helen Maria Williams;February 12, 2004
11055;Lord Dolphin;Harriet A. Cheever;February 12, 2004
11056;Trial and Triumph;Frances Ellen Watkins Harper;February 12, 2004
11057;The Wife of his Youth and Other Stories of the Color Line, and;Charles Waddell Chesnutt;February 12, 2004 
11058;Jack Archer;G. A. Henty;February 12, 2004 
11059;The Sylphs of the Season with Other Poems;Washington Allston;February 12, 2004
11060;The Aspirations of Jean Servien;Anatole France;February 12, 2004
11061;Atlantic Monthly Volume 6, No. 34, August, 1860;Various;February 12, 2004 
11062;The Dozen from Lakerim;Rupert Hughes;February 12, 2004 
11063;A Man of Mark;Anthony Hope;February 12, 2004 
11064;Andromeda and Other Poems;Charles Kingsley;February 12, 2004 
11065;Aunt Mary's Primer;Anonymous;February 12, 2004 
11068;The Spirit of the Age;William Hazlitt;February 12, 2004
11069;Squinty the Comical Pig;Richard Barnum;February 13, 2004
11070;La Fontana de Oro;Benito Perez Galdos;February 13, 2004
11071;Naufragios de Alvar Nunez Cabeza de Vaca;Alvar Nunez Cabeza de Vaca;February 16, 2004
11073;The Illustrated Alphabet of Birds;Unknown;February 13, 2004 
11074;The Damned;Algernon Blackwood;February 13, 2004
11075;Der Mann im Nebel;Gustav Falke;February 13, 2004 
11076;Punch, or the London Charivari, Vol. 153, Oct. 24, 1917;Various;February 13, 2004 
11077;Ebooks: Neither E, Nor Books;Cory Doctorow;February 13, 2004 
11078;What Dress Makes of Us;Dorothy Quigley;February 13, 2004
11079;Essays in Rebellion;Henry W. Nevinson;February 14, 2004
11080;The Orations of Marcus Tullius Cicero, Volume 4;Cicero;February 14, 2004
11081;A Vocabulary or Phrase Book of the Mutsun Language, Spoken at the Mission of San Juan Bautista, Alta California;Father Felipe Arroyo de la Cuesta;February 14, 2004
11082;Old Saint Paul's;William Harrison Ainsworth;February 14, 2004
11083;The Parables Of The Saviour;Anonymous;February 14, 2004
11084;Sonny, A Christmas Guest;Ruth McEnery Stuart;February 14, 2004
11085;M. or N. "Similia similibus curantur.";G.J. Whyte-Melville;February 14, 2004
11086;A Surgeon in Belgium;Henry Sessions Souttar;February 14, 2004 
11087;Atlantic Monthly, Volume 6, Issue 35, September, 1860;Various;February 15, 2004 
11088;Crabbe, (George);Alfred Ainger;February 15, 2004
11089;The Education Of The Negro Prior To 1861;Carter Godwin Woodson;February 15, 2004
11090;Industrial Progress and Human Economics;James Hartness;February 15, 2004
11091;Poems;John L. Stoddard;February 15, 2004
11093;Trailin'!;Max Brand;February 15, 2004
11094;Punch, or the London Charivari, Vol. 156, March 12, 1919;Various;February 15, 2004 
11095;Fun and Nonsense;Willard Bonte;February 15, 2004
11096;Tales of Ind;T. Ramakrishna;February 15, 2004
11097;Young Robin Hood;G. Manville Fenn;February 15, 2004
11098;Happy and Gay Marching Away;Unknown;February 15, 2004 
11099;More Seeds of Knowledge; Or, Another Peep at Charles.;Julia Corner;February 15, 2004 
11100;History Of Modern Philosophy;Richard Falckenberg;February 15, 2004
11101;Coleridge's Ancient Mariner and Select Poems;Samuel Taylor Coleridge;February 15, 2004
11102;History of Negro Soldiers in the Spanish-American War, and Other Items of Interest;Edward A. Johnson;February 15, 2004
11103;Atlantic Monthly Volume 6, No. 37, November, 1860;Various;February 15, 2004 
11104;In Morocco;Edith Wharton;February 15, 2004 
11105;Jack Mason, The Old Sailor;Theodore Thinker;February 15, 2004
11106;The Girl at Cobhurst;Frank Richard Stockton;February 15, 2004
11107;Theobald, The Iron-Hearted;Anonymous;February 15, 2004
11108;Aus dem Durchschnitt;Gustav Falke;February 16, 2004 
11109;Punch, or the London Charivari, Vol. 156, Feb. 12, 1919;Various;February 15, 2004 
11110;A Countess from Canada;Bessie Marchant;February 16, 2004
11111;Only An Irish Boy;Horatio Alger, Jr.;February 16, 2004
11112;The Mirror of Literature, Amusement, and Instruction, No. 351;Various;February 16, 2004
11113;Principal Cairns;John Cairns;February 16, 2004
11114;Debate On Woman Suffrage In The Senate Of The United States,;Henry W. Blair, J.E. Brown, J.N. Dolph, G.G. Vest, Geo. F. Hoar.;February 16, 2004
11115;Frank Merriwell at Yale;Burt L. Standish;February 16, 2004
11116;The Wonderful Bed;Gertrude Knevels;February 16, 2004 
11117;Atlantic Monthly Volume 7, No. 40, February, 1861;Various;February 16, 2004 
11118;Atlantic Monthly Volume 7, No. 39, January, 1861;Various;February 16, 2004 
11119;Personal Memoirs Of A Residence Of Thirty Years With The Indian Tribes On The American Frontiers;Henry Rowe Schoolcraft;February 16, 2004
11120;Hurrah for New England!;Louisa C. Tuthill;February 16, 2004
11121;The Bracelets;Maria Edgeworth;February 17, 2004
11122;Choice Specimens of American Literature, And Literary Reader;Benj. N. Martin;February 17, 2004
11123;The German Classics of The Nineteenth and Twentieth Centuries,;Editor-in-Chief: Kuno Francke;February 17, 2004
11124;Northumberland Yesterday and To-day;Jean F. Terry;February 17, 2004
11125;A Compilation of the Messages and Papers of the Presidents;James D. Richardson;February 17, 2004
11126;Ten Girls from Dickens;Kate Dickinson Sweetser;February 17, 2004 
11127;The Case of Jennie Brice;Mary Roberts Rinehart;February 17, 2004
11128;The Red Thumb Mark;R. Austin Freeman;February 17, 2004
11129;No and Other Stories Compiled by Uncle Humphrey;Various;February 17, 2004 
11131;Pierre et Jean;Guy de Maupassant;February 17, 2004
11132;Robert Ier et Raoul de Bourgogne, rois de France (923-936);Ph. Lauer;February 17, 2004
11133;Punch, or the London Charivari, Vol. 156, Jan. 8, 1919;Various;February 17, 2004 
11134;Atlantic Monthly, Volume 7, Issue 41, March, 1861;Various;February 17, 2004 
11135;Monarch, The Big Bear of Tallac;Ernest Thompson Seton;February 17, 2004 
11136;A Discourse Upon The Origin And The Foundation Of;Jean Jacques Rousseau;February 17, 2004
11137;Twenty-Two Years a Slave, and Forty Years a Freeman;Austin Steward;February 18, 2004
11138;Comic History of England;Bill Nye;February 18, 2004
11140;Rollo at Play;Jacob Abbott;February 18, 2004
11141;A Summer in Leslie Goldthwaite's Life.;Mrs. A. D. T. Whitney;February 18, 2004
11142;Unitarianism;W.G. Tarrant;February 18, 2004
11143;Mary Marie;Eleanor H. Porter;February 18, 2004
11144;Somewhere in France;Richard Harding Davis;February 18, 2004
11145;The Discovery of Yellowstone Park;Nathaniel Pitt Langford;February 18, 2004
11146;The Expedition of the Donner Party and its Tragic Fate;Eliza Poor Donner Houghton;February 18, 2004
11147;Phebe, The Blackberry Girl;Edward Livermore;February 18, 2004
11148;Aunt Harding's Keepsakes;Anonymous;February 18, 2004
11149;Little Folded Hands;Anonymous;February 18, 2004
11150;Gems Gathered in Haste;Anonymous;February 18, 2004
11151;The Lost Trail;Edward S. Ellis;February 18, 2004 
11153;No Hero;E.W. Hornung;February 18, 2004
11154;Atlantic Monthly, Volume 8, Issue 45, July, 1861;Various;February 18, 2004 
11155;Atlantic Monthly, Volume 7, Issue 42, April, 1861;Various;February 18, 2004 
11156;Buddy And Brighteyes Pigg;Howard R. Garis;February 19, 2004
11157;Atlantic Monthly, Vol. 8, No. 46, August, 1861;Various;February 19, 2004
11158;Atlantic Monthly, Vol. 10, No. 61, November, 1862;Various;February 19, 2004
11159;Atlantic Monthly, Vol. 10, No. 62, December, 1862;Various;February 19, 2004
11160;A Cotswold Village;J. Arthur Gibbs;February 19, 2004
11161;Mary Wollaston;Henry Kitchell Webster;February 19, 2004
11162;The Story of Little Black Mingo;Helen Bannerman;February 19, 2004
11163;Potterism;Rose Macaulay;February 19, 2004
11164;Rough and Tumble Engineering;James H. Maggard;February 19, 2004
11165;Wild Wings;Margaret Rebecca Piper;February 19, 2004
11166;For Gold or Soul?;Lurana W. Sheldon;February 19, 2004
11167;Deccan Nursery Tales;Charles Augustus Kincaid;December 21, 2009
11168;Lives of SS. Declan and Mochuda;Anonymous;February 19, 2004
11169;Punch, or the London Charivari, Vol. 153, Aug 15, 1917;Various;February 19, 2004
11170;Atlantic Monthly, Vol. 7, No. 43, May, 1861;Various;February 19, 2004
11171;Uncle Tom's Cabin, Young Folks' Edition;Harriet Beecher Stowe;February 19, 2004
11172;Abraham Lincoln;John Drinkwater;February 19, 2004
11173;Atlantic Monthly, Vol. 5, No. 27, January, 1860;Various;February 20, 2004
11174;Four Great Americans: Washington, Franklin, Webster, Lincoln;James Baldwin;February 20, 2004
11175;L'inutile beaute;Guy de Maupassant;February 20, 2004
11176;Memoires du sergent Bourgogne;Adrien-Jean-Baptiste-Francois Bourgogne;February 20, 2004
11177;Punchinello, Vol. 1, No. 1, Saturday, April 2, 1870;Various;February 20, 2004
11178;La sagesse et la destinee;Maurice Maeterlinck;February 20, 2004
11179;Seeing Europe with Famous Authors, Volume VI;Various;February 20, 2004
11180;The World's Greatest Books, Vol VI.;Various;February 20, 2004
11181;Captains All;W.W. Jacobs;February 20, 2004
11182;The Boatswain's Mate;W.W. Jacobs;February 20, 2004
11183;The Nest Egg;W.W. Jacobs;February 20, 2004
11184;The Constable's Move;W.W. Jacobs;February 20, 2004
11185;Bob's Redemption;W.W. Jacobs;February 21, 2004
11186;Over The Side;W.W. Jacobs;February 20, 2004
11187;Four Pigeons;W.W. Jacobs;February 20, 2004
11188;The Temptation of Samuel Burge;W.W. Jacobs;February 20, 2004
11189;The Madness of Mr. Lister;W.W. Jacobs;February 20, 2004
11190;The White Cat;W.W. Jacobs;February 20, 2004
11192;The Americanism of Washington;Henry Van Dyke;February 20, 2004
11194;Vignettes in Verse;Matilda Betham;February 20, 2004
11195;Alcatraz;Max Brand;February 20, 2004
11196;Atlantic Monthly, Vol. 4, No. 21, July, 1859;Various;February 20, 2004
11197;Bambi;Marjorie Benton Cooke;February 20, 2004
11198;Christianity and Islam;C.H. Becker;February 20, 2004
11199;Claire de Lune;Guy de Maupassant;February 20, 2004
11201;Punch, or the London Charivari, Vol. 156., March 5, 1919;Various;February 21, 2004
11202;A Compilation of the Messages and Papers of the Presidents;James D. Richardson;February 21, 2004
11203;Narrative of a Survey of the Intertropical and Western Coasts of Australia;Phillip Parker King;February 21, 2004
11204;Diseases of the Horse's Foot;Harry Caulton Reeks;February 21, 2004
11205;20.000 Mijlen onder Zee: Oostelijk Halfrond;Jules Verne;February 29, 2008
11206;Compendio di Chimica Fisiologica;A. Cominelli;February 21, 2004
11207;Redevoeringen;Hendrik Conscience;February 21, 2004
11208;De legende en de heldhaftige, vroolijke en roemrijke daden;Charles de Coster;February 21, 2004
11209;Wat eene moeder lijden kan;Hendrik Conscience;February 21, 2004
11210;The Mirror of Literature, Amusement, and Instruction;Various;February 21, 2004
11211;A Minstrel In France;Harry Lauder;February 21, 2004
11212;Modern India;William Eleroy Curtis;February 21, 2004
11213;Brotherly Love;Mrs. Sherwood;February 21, 2004
11214;The Garies and Their Friends;Frank J. Webb;February 21, 2004
11215;Poems (1828);Thomas Gent;February 21, 2004
11216;The Happy Venture;Edith Ballinger Price;February 21, 2004
11217;The Visioning;Susan  Glaspell;February 21, 2004
11218;Highroads of Geography;Anonymous;February 21, 2004
11219;The Mirror of Literature, Amusement, and Instruction;Various;February 21, 2004
11221;The Bent Twig;Dorothy Canfield;February 22, 2004
11222;The Mirror of Literature, Amusement, and Instruction;Various;February 22, 2004
11223;Big Timber;Bertrand W. Sinclair;February 22, 2004
11224;Utilitarianism;John Stuart Mill;February 22, 2004
11225;Punch, Volume 156, January 22, 1919.;Various;February 22, 2004
11226;Building a State in Apache Land;Charles D. Poston;February 22, 2004
11227;Ten Boys from Dickens;Kate Dickinson Sweetser;February 22, 2004
11228;The Marrow of Tradition;Charles W. Chesnutt;February 22, 2004
11229;The Purple Cloud;M.P. Shiel;February 22, 2004
11230;MacMillan's Reading Books;Anonymous;February 22, 2004
11232;Bullets & Billets;Bruce Bairnsfather;February 23, 2004
11233;The Mirror of Literature, Amusement, and Instruction;Various;February 23, 2004
11234;The Mirror of Literature, Amusement, and Instruction;Various;February 23, 2004
11235;The Mirror of Literature, Amusement, and Instruction;Various;February 23, 2004
11236;Old Ballads;Various;February 23, 2004
11237;The Pearl Box;"A Pastor";February 23, 2004
11238;The Fight For Conservation;Gifford Pinchot;February 23, 2004
11239;The Life and Adventures of Robinson Crusoe Of York, Mariner, Vol. 1;Daniel Defoe;February 23, 2004
11240;The Apartment Next Door;William Andrew Johnston;February 23, 2004
11241;Wee Ones' Bible Stories;Anonymous;February 23, 2004
11242;The Life of Michelangelo Buonarroti;John Addington Symonds;February 23, 2004
11243;Miles Wallingford;James Fenimore Cooper;February 23, 2004
11244;A Project for Flying;Robert Hardley;February 23, 2004
11245;The Mirror of Literature, Amusement, and Instruction;Various;February 23, 2004
11246;The Mirror of Literature, Amusement, and Instruction;Various;February 23, 2004
11247;The Exploits Of Brigadier Gerard;Arthur Conan Doyle;February 23, 2004
11248;The Delights of Wisdom Pertaining to Conjugial Love;Emanuel Swedenborg;February 23, 2004
11249;Four Famous American Writers: Washington Irving, Edgar Allan Poe,;Sherwin Cody;February 24, 2004
11250;Journeys Through Bookland, Vol. 5;Charles Sylvester;February 24, 2004
11251;Famous Reviews;Editor: R. Brimley Johnson;February 24, 2004
11252;Martin Hewitt, Investigator;Arthur Morrison;February 24, 2004
11253;The Life of Col. James Gardiner;P. Doddridge;February 24, 2004
11254;Poetical Works of Johnson, Parnell, Gray, and Smollett;Samuel Johnson, Thomas Parnell, Thomas Gray, and Tobias Smollett;February 24, 2004
11255;Slave Narratives: A Folk History of Slavery in the United States;Work Projects Administration;February 24, 2004
11256;Social life at Rome in the Age of Cicero;W. Warde Fowler;February 24, 2004
11257;Little Folks Astray;Sophia May (Rebecca Sophia Clarke);February 24, 2004
11258;The Mirror of Literature, Amusement, and Instruction;Various;February 24, 2004
11259;Polly and the Princess;Emma C. Dowd;February 24, 2004
11260;The Kiltartan History Book;Lady I. A. Gregory;February 24, 2004
11263;The Adventures of a Special Correspondent;Jules Verne;February 24, 2004
11264;The Mirror of Literature, Amusement, and Instruction;Various;February 24, 2004
11265;Notes and Queries, No. 2, November 10 1849;Various;February 24, 2004
11266;Sonnets;Nizam-ud-din-Ahmad, (Nawab Nizamat Jung Bahadur);February 24, 2004
11267;The Mirror of Literature, Amusement, and Instruction,;Various;February 24, 2004
11268;The Flood;Anonymous;February 24, 2004
11270;A Practical Illustration of Woman's Right to Labor;Marie E. Zakrzewska;February 24, 2004
11271;The Anti-Slavery Examiner, Part 1 of 4;American Anti-Slavery Society;February 25, 2004
11272;The Anti-Slavery Examiner, Part 2 of 4;American Anti-Slavery Society;February 25, 2004
11273;The Anti-Slavery Examiner, Part 3 of 4;American Anti-Slavery Society;February 25, 2004
11274;The Anti-Slavery Examiner, Part 4 of 4;American Anti-Slavery Society;February 25, 2004
11275;The Anti-Slavery Examiner, Omnibus;American Anti-Slavery Society;February 25, 2004
11276;Civil Government in the United States Considered with;John Fiske;February 25, 2004
11277;Egyptian Ideas of the Future Life;E. A. Wallis Budge;February 25, 2004
11278;Folk-Tales of Napoleon;Honore de Balzac and Alexander Amphiteatrof;February 25, 2004
11279;The Slim Princess;George Ade;February 25, 2004
11280;Maggie Miller;Mary J. Holmes;February 25, 2004
11281;The Mirror of Literature, Amusement, and Instruction;Various;February 25, 2004
11282;The Mirror of Literature, Amusement, and Instruction;Various;February 25, 2004
11283;Plays of Gods and Men;Lord Dunsany;February 29, 2004
11284;Punch, Volume 156, 26 March 1919;Various;February 25, 2004
11285;Een Heldin;A.C. Kuiper;February 25, 2004
11286;Meesterstukken van Rembrandt Harmensz. Van Rijn;G. Kielder;February 25, 2004
11287;De omwenteling van 1830;Hendrik Conscience;February 25, 2004
11288;Ons Vaderland van de vroegste tijden tot de 15de eeuw;M. Lievevrouw-Coopman;February 25, 2004
11289;What is Coming?;H. G. Wells;February 25, 2004
11290;Emilie the Peacemaker;Mrs. Thomas Geldart;February 25, 2004 
11297;Travels through the Empire of Morocco;John Buffa;February 26, 2004 
11298;Wanderings by southern waters, eastern Aquitaine;Edward Harrison Barker;February 26, 2004 
11303;Vain Fortune;George Moore;February 26, 2004 
11304;The Lake;George Moore;February 26, 2004 
11308;The Book of Enterprise and Adventure;Anonymous;February 26, 2004
11309;The Booming of Acre Hill;John Kendrick Bangs;February 26, 2004
11311;The Masters of the Peaks;Joseph A. Altsheler;February 26, 2004
11312;The Mirror of Literature, Amusement, and Instruction;Various;February 26, 2004
11313;A School History of the United States;John Bach McMaster;February 26, 2004
11314;A Compilation of the Messages and Papers of the Presidents;James D. Richardson;February 26, 2004
11315;Friendly Fairies;Johnny Gruelle;February 26, 2004
11316;Atlantic Monthly, Volume 8, No. 47, September, 1861;Various;February 26, 2004 
11317;De Aarde en Haar Volken, Jaargang 1877;Various;February 26, 2004
11318;De reis om de wereld in tachtig dagen;Jules Verne;February 26, 2004
11319;The Fairy Godmothers and Other Tales;Mrs. Alfred Gatty;February 26, 2004 
11320;The Mirror of Literature, Amusement, and Instruction, Vol. 12,;Various;February 26, 2004 
11321;The Mirror of Literature, Amusement, and Instruction.;Various;February 26, 2004
11322;The Mirror of Literature, Amusement, and Instruction.;Various;February 26, 2004
11323;Caleb Williams;William Godwin;February 26, 2004
11324;This Is the End ;Stella Benson;February 26, 2004 
11325;The Happiest Time of Their Lives ;Alice Duer Miller;February 26, 2004 
11326;The Mirror of Literature, Amusement, and Instruction, Vol. 10, No.;Various;February 26, 2004 
11327;English Literature: Modern;G. H. Mair;February 27, 2004
11328;The Hunted Woman;James Oliver Curwood;February 27, 2004
11329;Lands of the Slave and the Free;Henry A. Murray;February 27, 2004
11330;The Mirror of Literature, Amusement, and Instruction;Various;February 27, 2004
11331;The Mirror of Literature, Amusement, and Instruction;Various;February 27, 2004
11332;The Mirror of Literature, Amusement, and Instruction;Various;February 27, 2004
11333;The Pearl Story Book;Mrs. Colman;February 27, 2004
11334;Wilson's Tales of the Borders and of Scotland, XXII;various;February 27, 2004
11335;The Einstein Theory of Relativity;H.A. Lorentz;February 27, 2004
11336;The Mirror of Literature, Amusement, and Instruction;Various;February 27, 2004
11337;Cowmen and Rustlers;Edward S. Ellis;February 27, 2004 
11338;The Mirror of Literature, Amusement, and Instruction, Vol. 13,;Various;February 27, 2004 
11339;Aesop's Fables;Aesop;February 27, 2004
11340;The Mirror of Literature, Amusement, and Instruction, Vol. 13,;Various;February 27, 2004 
11341;The Mirror of Literature, Amusement, and Instruction, Vol. 10,;Various;February 27, 2004 
11342;The Mirror of Literature, Amusement, and Instruction, Vol. 13,;Various;February 27, 2004 
11343;The Mirror of Literature, Amusement, and Instruction.;Various;February 27, 2004
11344;Scientific American Supplement, No. 415, December 15, 1883;Various;February 27, 2004
11345;Education as Service;J. Krishnamurti;February 27, 2004
11346;The Saint's Tragedy;Charles Kingsley;February 27, 2004 
11347;The Mirror of Literature, Amusement, and Instruction;Various;February 27, 2004
11348;The Mirror of Literature, Amusement, and Instruction, Vol. 13,;Various;February 27, 2004 
11349;Action Front;Boyd Cable (Ernest Andrew Ewart);February 28, 2004
11350;The Mirror of Literature, Amusement, and Instruction.;Various;February 28, 2004
11351;Cape Cod Ballads, and Other Verse;Joseph C. Lincoln;February 28, 2004
11352;Germany and the Next War;Friedrich von Bernhardi;February 28, 2004
11353;History of Liberia;J.H.T. McPherson;February 28, 2004
11355;Pallieter;Felix Timmermans;February 28, 2004
11356;A Tale of One City: The New Birmingham;Thomas Anderton;February 28, 2004
11357;Jimgrim and Allah's Peace;Talbot Mundy;February 28, 2004
11358;Atlantic Monthly, Volume 8, No. 48, October, 1861;Various;February 28, 2004 
11359;Punch, or the London Charivari, Vol. 156, Feb. 26, 1919;Various;February 28, 2004 
11360;Sacred And Profane Love ;E. Arnold Bennett;February 28, 2004 
11361;The Mirror of Literature, Amusement, and Instruction, Vol. 13,;Various;February 28, 2004 
11362;The Mirror of Literature, Amusement, and Instruction, Vol. 12,;Various;February 28, 2004 
11363;Bayard: The Good Knight Without Fear And Without Reproach;Christopher Hare;February 28, 2004
11365;The Fern Lover's Companion;George Henry Tilton;February 28, 2004
11366;The German Classics of The Nineteenth and Twentieth Centuries, Vol. II;Editor-in-Chief: Kuno Francke;February 28, 2004
11367;A History of China;Wolfram Eberhard;February 28, 2004
11368;Stories of Inventors;Russell Doubleday;February 29, 2004
11369;The Mirror of Literature, Amusement, and Instruction.;Various;February 29, 2004
11370;The Mirror of Literature, Amusement, and Instruction,;Various;February 29, 2004
11371;The Moorland Cottage;Elizabeth Cleghorn Gaskell;February 29, 2004
11372;The Nine-Tenths;James Oppenheim;February 29, 2004
11373;Through the Wall;Cleveland Moffett;February 29, 2004
11374;Fun And Frolic;Various;February 29, 2004 
11375;The Mirror of Literature, Amusement, and Instruction, Vol. 10,;Various;March 1, 2004 
11376;Autobiographical Sketches;Annie Besant;February 29, 2004
11377;The Man Whom the Trees Loved;Algernon Blackwood;February 29, 2004
11378;The Mirror Of Literature, Amusement, And Instruction;Various;February 29, 2004
11379;Round Anvil Rock;Nancy Huston Banks;February 29, 2004
11380;Le socialisme en danger;Ferdinand Domela Nieuwenhuis;February 29, 2004
11381;Sermons for the Times;Charles Kingsley;February 29, 2004 
11382;The Mirror of Literature, Amusement, and Instruction;Various;February 29, 2004
11383;Scientific American Supplement, Vol. XXI., No. 531, March 6, 1886;Various;February 29, 2004
11384;The Mirror of Literature, Amusement, and Instruction, Vol. 10,;Various;March 1, 2004 
11385;Scientific American Supplement, No. 446, July 19, 1884;Various;March 1, 2004
11386;The Mirror of Literature, Amusement, and Instruction.;Various;March 1, 2004
11387;The Mirror of Literature, Amusement, and Instruction;Various;March 1, 2004
11388;The Mirror of Literature, Amusement, and Instruction;Various;March 1, 2004
11389;The Mirror of Literature, Amusement, and Instruction;Various;March 1, 2004
11390;The Mirror of Literature, Amusement, and Instruction;Various;March 1, 2004
11391;Lectures on Art;Washington Allston;March 1, 2004
11392;Not Pretty, But Precious;John Hay, et al.;March 1, 2004
11393;20.000 Mijlen onder Zee: Westelijk Halfrond;Jules Verne;March 1, 2004
11394;Fighting in Flanders;E. Alexander Powell;March 1, 2004 
11395;Cheerful--By Request;Edna Ferber;March 1, 2004
11397;The Works of Samuel Johnson, LL.D, In Nine Volumes;Samuel Johnson;March 2, 2004
11398;A further contribution to the study of the mortuary customs of the North American Indians;H. C. Yarrow;
11399;The Pirates of Malabar, and An Englishwoman in India Two Hundred Years Ago;John Biddulph;March 2, 2004
11400;Mystic Isles of the South Seas.;Frederick O'Brien;March 2, 2004
11401;The Mirror of Literature, Amusement, and Instruction.;Various;March 2, 2004
11402;The Sky Line of Spruce;Edison Marshall;March 2, 2004
11403;Bell's Cathedrals: The Churches of Coventry;Frederic W.  Woodhouse;February 11, 2007
11404;The Mirror of Literature, Amusement, and Instruction, Vol. 12,;Various;March 2, 2004 
11405;The Mirror of Literature, Amusement, and Instruction, Vol. 12,;Various;March 2, 2004 
11406;The Mirror of Literature, Amusement, and Instruction, Vol. 12,;Various;March 2, 2004 
11407;The Mirror of Literature, Amusement, and Instruction, Vol. 10,;Various;March 2, 2004 
11408;The Mirror of Literature, Amusement, and Instruction;Various;March 2, 2004
11409;The Red Rover;James Fenimore Cooper;March 2, 2004
11410;Wanderings in Wessex;Edric Holmes;March 2, 2004
11411;The Mirror of Literature, Amusement, and Instruction;Various;March 2, 2004
11412;The Mirror of Literature, Amusement, and Instruction, Vol. 10,;Various;March 2, 2004 
11413;The Refugees;Arthur Conan Doyle;March 2, 2004 
11414;In the Claws of the German Eagle;Albert Rhys Williams;March 2, 2004 
11415;Atlantic Monthly, Volume 8, Issue 49, November, 1861;Various;March 3, 2004 
11416;A Description of Modern Birmingham;Charles Pye;March 3, 2004
11417;French Mediaeval Romances from the Lays of Marie de France;Marie de France;March 3, 2004
11418;The Grafters;Francis Lynde;March 3, 2004
11419;The Love Affairs of Great Musicians, Volume 2;Rupert Hughes;March 3, 2004
11420;The Mirror of Literature, Amusement, and Instruction.;Various;March 3, 2004
11421;Russell H. Conwell;Agnes Rush Burr;March 3, 2004
11422;Slave Narratives: A Folk History of Slavery in the United States;Work Projects Administration;March 3, 2004
11423;Histoire de la Revolution francaise, VI;Adolphe Thiers;March 3, 2004
11424;The Trade Union Woman;Alice Henry;March 3, 2004
11425;Punch, or the London Charivari, Vol. 153, Dec. 5, 1917;Various;March 3, 2004 
11426;The Call of the North;Stewart Edward White;March 3, 2004
11427;A Grandmother's Recollections;Ella Rodman;March 3, 2004
11428;Punch, or the London Charivari, Vol. 153, Nov. 14, 1917;Various;March 3, 2004 
11429;Punch, or the London Charivari, Vol. 156, April 30, 1919;Various;March 3, 2004 
11430;Goede Vaer Tromp;Pieter Louwerse (1840-1908);March 3, 2004
11431;Character Sketches of Romance, Fiction and the Drama, Vol 1;The Rev. E. Cobham Brewer, LL.D.;March 4, 2004
11432;The Youth's Coronal;Hannah Flagg Gould;March 3, 2004 
11433;The Mirror of Literature, Amusement, and Instruction;Various;March 4, 2004
11434;Pauvre Blaise;Comtesse de Segur;March 4, 2004
11435;Small Means and Great Ends;Edited by Mrs. M. H. Adams;March 4, 2004
11436;Stories by American Authors, Volume 1;Various;March 4, 2004
11437;Stories by American Authors, Volume 5;Various;March 4, 2004
11438;The Willows;Algernon Blackwood;March 4, 2004
11439;The Snow-Drop;Sarah S. Mower;March 4, 2004 
11440;Tales of Three Hemispheres;Lord Dunsany;March 4, 2004
11441;The Solitary of Juan Fernandez, or The Real Robinson Crusoe;Joseph Xavier Saintine;March 4, 2004
11442;The Mirror of Literature, Amusement, and Instruction;Various;March 4, 2004
11443;Punch, or the London Charivari, Vol. 153, Nov. 28, 1917;Various;March 4, 2004 
11444;Punch, or the London Charivari, Vol. 153, Dec. 12, 1917;Various;March 4, 2004 
11445;The Mirror of Literature, Amusement, and Instruction, Vol. 12,;Various;March 4, 2004 
11446;The Mirror of Literature, Amusement, and Instruction, Vol. 14,;Various;March 4, 2004 
11447;The Mirror of Literature, Amusement, and Instruction, Vol. 14,;Various;March 4, 2004 
11448;Cicero;Rev. W. Lucas Collins;March 5, 2004
11449;An Enquiry into the Obligations of Christians to Use Means for the;William Carey;March 5, 2004
11450;Fort comme la mort;Guy de Maupassant;March 5, 2004
11451;The Rome Express;Arthur Griffiths;March 5, 2004
11452;Stories by American Authors, Volume 6;Various;March 5, 2004
11453;La Suggestibilite;Alfred Binet;March 5, 2004
11454;A Visit To The United States In 1841;Joseph Sturge;March 5, 2004
11455;The Mirror of Literature, Amusement, and Instruction;Various;March 5, 2004
11456;The Mirror of Literature, Amusement, and Instruction;Various;March 5, 2004
11457;The Mirror of Literature, Amusement, and Instruction, Vol. 14,;Various;March 5, 2004 
11458;The Mirror of Literature, Amusement, and Instruction, Vol. 14,;Various;March 5, 2004 
11459;The Mirror of Literature, Amusement, and Instruction;Various;March 5, 2004
11460;The Mirror of Literature, Amusement, and Instruction;Various;March 5, 2004
11461;Armenian Literature;Anonymous;March 5, 2004
11462;The Mirror of Literature, Amusement, and Instruction;Various;March 5, 2004
11463;The Mirror of Literature, Amusement, and Instruction, Vol. 14,;Various;March 5, 2004 
11464;Cuba, Old and New;Albert Gardner Robinson;March 5, 2004
11465;Atlantic Monthly, Volume 6, No. 38, December, 1860;Various;March 5, 2004 
11466;Punch, or the London Charivari, Vol. 153, Dec. 19, 1917;Various;March 5, 2004 
11468;Darkest India;Commissioner Booth-Tucker;March 6, 2004
11469;Boy Scouts on Motorcycles;G. Harvey Ralphson;March 6, 2004
11470;His Big Opportunity;Amy Le Feuvre;March 6, 2004
11471;Shareholders;W.W. Jacobs;March 6, 2004
11472;Paying Off;W.W. Jacobs;March 6, 2004
11473;Made to Measure;W.W. Jacobs;March 6, 2004
11474;Sam's Ghost;W.W. Jacobs;March 6, 2004
11475;The Convert;W.W. Jacobs;March 6, 2004
11476;Husbandry;W.W. Jacobs;March 6, 2004
11477;Family Cares;W.W. Jacobs;March 6, 2004
11478;Bedridden and The Winter Offensive;W.W. Jacobs;March 6, 2004
11479;The Substitute;W.W. Jacobs;March 6, 2004
11480;Striking Hard;W.W. Jacobs;March 6, 2004
11481;Dirty Work;W.W. Jacobs;March 6, 2004
11483;The Life and Letters of Lewis Carroll;Stuart Dodgson Collingwood;March 6, 2004
11484;Le pilote du Danube;Jules Verne;March 6, 2004
11485;Slave Narratives: A Folk History of Slavery in the United States;Work Projects Administration;March 6, 2004
11486;The Mirror of Literature, Amusement, and Instruction, Vol. 14,;Various;March 6, 2004 
11487;The Mirror of Literature, Amusement, and Instruction, Vol. 13,;Various;March 6, 2004 
11488;The Poetical Works of John Dryden, Vol I;John Dryden;March 7, 2004
11489;Some Historical Account of Guinea, Its Situation, Produce, and the General Disposition of Its Inhabitants;Anthony Benezet;March 7, 2004
11490;American Negro Slavery;Ulrich Bonnell Phillips;March 7, 2004
11491;Punch, or the London Charivari, Vol. 153, October 31, 1917;Various;March 7, 2004
11493;The Blotting Book;E. F. Benson;March 7, 2004
11494;Les joies du pardon;Anonymous;March 7, 2004
11495;La Main Gauche;Guy de Maupassant;March 7, 2004
11496;Poetry;Arthur Thomas Quiller-Couch;March 7, 2004
11498;Scientific American Supplement, No. 601, July 9, 1887;Various;March 7, 2004
11499;An Essence Of The Dusk, 5th Edition;F. W. Bain;March 7, 2004
11500;De Val van Antwerpen;Jozef Muls;March 16, 2004
11501;Laughing Bill Hyde and Other Stories;Rex Beach;March 16, 2004 
11503;Keeping up with Lizzie;Irving Bacheller;March 16, 2004
11504;Further Foolishness;Stephen Leacock;March 7, 2004
11505;All Things Considered;G. K. Chesterton;March 7, 2004
11506;The Old Bell Of Independence; Or, Philadelphia In 1776;Henry C. Watson;March 7, 2004
11507;The Lure of San Francisco;Elizabeth Gray Potter and Mabel Thayer Gray;March 8, 2004
11508;Reminiscences of a Pioneer;Colonel William Thompson;March 8, 2004
11509;The Life of Jesus Christ for the Young;Richard Newton;March 8, 2004
11510;Fascinating San Francisco;Fred Brandt and Andrew Y. Wood;March 8, 2004
11511;Robinsono Kruso;Daniel Defo;March 8, 2004
11512;O. Henry Memorial Award Prize Stories of 1921;Various;March 8, 2004
11513;On Land And Sea At The Dardanelles;Thomas Charles Bridges;March 8, 2004
11514;Balcony Stories;Grace E. King;March 8, 2004
11515;The Mirror of Literature, Amusement, and Instruction;Various;March 8, 2004
11516;The Mirror of Literature, Amusement, and Instruction;Various;March 8, 2004
11517;Out of Doors--California and Oregon;J. A. Graves;March 8, 2004
11518;The Mirror of Literature, Amusement, and Instruction;Various;March 8, 2004
11519;The Mirror of Literature, Amusement, and Instruction;Various;March 8, 2004
11520;The Obstacle Race;Ethel M. Dell;March 9, 2004
11521;A Beleaguered City;Mrs. Oliphant;March 9, 2004
11522;Deadly Pollen;Stephen Oliver;March 9, 2004 
11523;Behind the News: Voices from Goa's Press;Various;March 9, 2004 
11524;Atlantic Monthly, Vol. 8, No. 50, December, 1861;Various;March 9, 2004
11525;Atlantic Monthly, Vol. 3, No. 18, April, 1859;Various;March 9, 2004
11526;Summer on the Lakes, in 1843;S.M. Fuller;March 9, 2004
11527;The World's Greatest Books, Vol VII;Various;March 9, 2004
11528;The Mirror of Literature, Amusement, and Instruction;Various;March 9, 2004
11529;La Espuma;D. Armando Palacio Valdes;March 9, 2004
11530;The Mirror of Literature, Amusement, and Instruction;Various;March 9, 2004
11531;The Life of Marie de Medicis, Vol. 1 (of 3);Julia Pardoe;March 9, 2004
11532;A Kentucky Cardinal;James Lane Allen;March 10, 2004 
11533;Theocritus;Theocritus;March 10, 2004
11534;The Lions of the Lord;Harry Leon Wilson;March 10, 2004
11535;Views a-foot;J. Bayard Taylor;March 10, 2004 
11536;Town and Country Sermons;Charles Kingsley;March 10, 2004 
11537;The Mirror of Literature, Amusement, and Instruction;Various;March 11, 2004
11538;The Mirror of Literature, Amusement, and Instruction.;Various;March 11, 2004
11539;The Mirror of Literature, Amusement, and Instruction.;Various;March 11, 2004
11540;The Mirror of Literature, Amusement, and Instruction.;Various;March 11, 2004
11541;The Mirror of Literature, Amusement, and Instruction.;Various;March 11, 2004
11542;The Mirror of Literature, Amusement, and Instruction;Various;March 11, 2004
11543;The Mirror of Literature, Amusement, and Instruction;Various;March 11, 2004
11544;Slave Narratives: A Folk History of Slavery in the United States;Work Projects Administration;March 11, 2004
11545;Travels in the United States of America;William Priest;March 11, 2004
11546;The Autobiography of a Journalist, Volume I;Stillman, William James;March 11, 2004
11547;Blackfoot Lodge Tales;George Bird Grinnell;March 11, 2004 
11548;McClure's Magazine December, 1895;Edited by Ida M. Tarbell;May 4, 2004
11549;The Life and Letters of Elizabeth Prentiss;George L. Prentiss;March 12, 2004
11550;Squash Tennis;Richard C. Squires;March 12, 2004
11551;The Mirror of Literature, Amusement, and Instruction;Various;March 12, 2004
11552;Slave Narratives: A Folk History of Slavery in the United States ;Work Projects Administration;March 12, 2004
11553;The Wonders of Prayer;Various;March 12, 2004
11554;The Crimes of England;G.K. Chesterton;March 13, 2004
11555;Our Farm of Four Acres and the Money we Made by it;Miss Coulton;March 13, 2004
11556;Facing the Flag;Jules Verne;March 13, 2004
11557;On Compromise;John Morley;March 13, 2004
11558;Poems;Sam G. Goodrich;March 13, 2004
11559;Renaissance in Italy Vol. 3;John Addington Symonds;March 13, 2004
11560;The Barbarism of Berlin;G. K. Chesterton;March 13, 2004 
11561;People of the Whirlpool ;Mabel Osgood Wright;March 13, 2004 
11562;Inquiries into Human Faculty and Its Development;Francis Galton;March 13, 2004 
11563;Morning Bells;Frances Ridley Havergal;March 13, 2004 
11564;An Essay on War, in Blank Verse; Honington Green, a Ballad; The;Nathaniel Bloomfield;March 13, 2004 
11565;Friends, though divided;G. A. Henty;March 14, 2004
11566;The Mirror of Literature, Amusement, and Instruction;Various;March 14, 2004
11567;The Mirror of Literature, Amusement, and Instruction;Various;March 14, 2004
11568;The Mirror of Literature, Amusement, and Instruction;Various;March 14, 2004
11569;The Mirror of Literature, Amusement, and Instruction;Various;March 14, 2004
11570;Punch, or The London Charivari, Vol. 153, November 7, 1917;Various;March 14, 2004
11571;Mr. Punch's History of the Great War;Punch;March 14, 2004
11572;The Man From Brodney's;George Barr McCutcheon;March 14, 2004 
11573;The Crater;James Fenimore Cooper;March 14, 2004 
11575;Notes & Queries 1850.01.19;Various;March 14, 2004
11576;The Works of Charles and Mary Lamb IV;Charles and Mary Lamb;March 14, 2004
11577;Notes & Queries 1849.11.17;Various;March 14, 2004
11578;The Poetical Works of John Dryden, Vol II;John Dryden;March 15, 2004
11579;Scott's Last Expedition Volume I;Captain R. F. Scott;March 15, 2004
11580;The Teaching of Jesus;George Jackson;March 15, 2004
11581;From Out the Vasty Deep;Mrs. Belloc Lowndes;March 15, 2004
11582;Old Greek Stories;James Baldwin;March 15, 2004
11585;The Young Emigrants; Madelaine Tube; The Boy and the Book; and;Susan Anne Livingston Ridley Sedgwick;March 15, 2004 
11586;L'Ameublement de l'Hotel de Pitsembourg au milieu du XVIIe siecle;Robert D'Awans;March 15, 2004
11587;The School Book of Forestry;Charles Lathrop Pack;March 15, 2004 
11588;L'argent des autres;Emile Gaboriau;March 15, 2004
11589;Le Docteur Ox;Jules Verne;March 15, 2004
11590;Les Francais en Amerique pendant la guerre de l'independance ;Thomas Balch;March 15, 2004
11591;Hugo de Groot en zijn rechtsphilosophie;H. Bertens;March 15, 2004
11592;Children's Hour with Red Riding Hood and Other Stories;unknown;March 15, 2004 
11593;The Purchase Price;Emerson Hough;March 15, 2004 
11595;The Pearl Box;A Pastor;March 15, 2004 
11596;La Maison Tellier;Guy de Maupassant;March 15, 2004
11597;Mlle Fifi;Guy de Maupassant;March 15, 2004
11598;La Montana;Eliseo Reclus;March 15, 2004
11599;Withered Leaves from Memory's Garland;Abigail Stanley Hanna;March 15, 2004
11600;The Life of Marie de Medicis, Vol. 2 (of 3);Julia Pardoe;March 16, 2004 
11601;The Life of Marie de Medicis, Vol. 3 (of 3);Julia Pardoe;March 16, 2004 
11602;The World of Ice;Robert Michael Ballantyne;March 16, 2004 
11603;The House of Cobwebs and Other Stories;George Gissing;March 16, 2004 
11604;Atlantic Monthly Vol. 6, No. 33, July, 1860;Various;March 17, 2004
11605;The Appetite of Tyranny;G.K. Chesterton;March 17, 2004
11606;Atlantic Monthly Vol. 3, No. 16, February, 1859;Various;March 17, 2004
11607;Dio's Rome;Cassius Dio;March 17, 2004
11608;From a Girl's Point of View;Lilian Bell;March 17, 2004
11610;Madam Crowl's Ghost and The Dead Sexton;Joseph Sheridan LeFanu;March 17, 2004
11611;The Mirror of Literature, Amusement, and Instruction;Various;March 17, 2004
11612;The Mirror of Literature, Amusement, and Instruction;Various;March 17, 2004
11613;The Mirror of Literature, Amusement, and Instruction;Various;March 17, 2004
11614;The Second Generation;David Graham Phillips;March 17, 2004
11615;The Grammar of English Grammars;Goold Brown;March 17, 2004
11616;The Mirror of Literature, Amusement, and Instruction, Vol. 19,;Various;March 17, 2004 
11617;Punch, or the London Charivari, Vol. 156, Apr 2, 1919;Various;March 17, 2004 
11618;From Chaucer to Tennyson;Henry A. Beers;March 17, 2004 
11619;Punch, or the London Charivari, Vol. 153, Nov 21, 1917  ;Various;March 17, 2004 
11620;My Brilliant Career;Miles Franklin;
11621;Le Mauvais Genie;Comtesse de Segur;March 17, 2004
11622;Plus fort que Sherlock Holmes;Mark Twain;March 17, 2004
11623;The Dramatic Works of John Dryden Vol. I.;Sir Walter Scott;March 18, 2004
11624;The Reflections of Ambrosine;Elinor Glyn;March 18, 2004
11625;The Wrong Twin;Harry Leon Wilson;March 18, 2004
11626;Dawn of All;Robert Hugh Benson;March 18, 2004
11627;The World's Great Sermons, Vol. 2 (of 10);unknown;March 18, 2004 
11628;Gossip in a Library;Edmund Gosse;March 18, 2004 
11629;Punch, or the London Charivari, Vol. 153, Dec. 26, 1917;Various;March 18, 2004 
11630;Punch, or the London Charivari, Vol. 156, June 18, 1919;Various;March 18, 2004 
11631;The Mirror of Literature, Amusement, and Instruction, Vol. 19,;Various;March 18, 2004 
11632;Woman: Man's Equal;Thomas Webster;March 19, 2004
11633;Parsifal;Retold by Oliver Huckel;March 19, 2004
11634;Human Nature In Politics;Graham Wallas;March 19, 2004
11635;Green Tea;  Mr. Justice Harbottle;Joseph Sheridan LeFanu;March 19, 2004
11636;Notes & Queries 1849.12.01;Various;March 19, 2004
11637;The Mirror of Literature, Amusement, and Instruction;Various;March 19, 2004
11638;Punch, July 18, 1917;Various;March 19, 2004
11639;Figures of Earth;James Branch Cabell;March 19, 2004 
11640;Love and Mr. Lewisham;H. G. Wells;March 19, 2004 
11641;Over There;Arnold Bennett;March 19, 2004 
11642;What to See in England;Gordon Home;March 19, 2004 
11643;John Caldigate;Anthony Trollope;March 19, 2004 
12370;Bagh O Bahar, Or Tales of the Four Darweshes;Mir Amman of Dihli;May 17, 2004
12372;Atlantic Monthly, Vol. 1, No. 6, April, 1858;Various;May 18, 2004
12373;Atlantic Monthly, Vol. 1, No. 5, March, 1858;Various;May 18, 2004
12374;Atlantic Monthly, Vol. 1, No. 7, May, 1858;Various;May 18, 2004
12375;Masters of Space;Walter Kellogg Towers;May 18, 2004
12376;Thirty Years in the Itinerancy;Wesson Gage Miller;May 18, 2004
12377;The Court of Boyville;William Allen White;May 18, 2004 
12378;Punch, or the London Charivari, Vol. 99, August 30, 1890.;Various;May 18, 2004
12379;Ylosnousemus I;Leo Tolstoi;May 18, 2004
12380;Two Thousand Miles On An Automobile;Arthur Jerome Eddy;May 18, 2004
12381;The Auchensaugh Renovation of the National Covenant and;unknown;unknown
12383;The Poetical Works of William Wordsworth, Vol. III;William Wordsworth;May 19, 2004
12384;Battle-Pieces and Aspects of the War;Herman Melville;May 19, 2004
12385;The Italians;Frances Elliot;May 19, 2004 
