;28;
#10000;2;
#11141;1;
&;1;
-;7;
----s;1;
/etext;1;
11141txt;1;
11141zip;1;
1a;1;
1b;1;
1c;2;
1d;1;
1e;2;
1e1;5;
1e2;1;
1e3;1;
1e4;1;
1e5;1;
1e6;1;
1e7;3;
1e8;4;
1e9;3;
1f;1;
1f1;1;
1f2;1;
1f3;4;
1f4;1;
1f5;1;
1f6;1;
20%;1;
501c3;2;
596-1887;1;
64-6221541;1;
a-purpose;3;
a-wantin;1;
abandonment;1;
abcs;1;
abide;4;
abided;1;
abiding;2;
able;6;
abounding;1;
about;133;
about--not;1;
about--only;1;
above;30;
above--slopes;1;
abraham;1;
abridged;1;
abrupt;1;
abruptness;1;
absence;1;
absently;1;
absolute;1;
absolutely;3;
absorbed;2;
absorbing;2;
absorptions;1;
absurd;1;
abundant;2;
abundantly;1;
accent;2;
accented;1;
accept;1;
accepted;3;
accepting;2;
access;10;
accessed;1;
accessible;2;
accident;1;
accident--like;1;
accidentally;1;
accommodation;1;
accompanied;1;
accompaniment;1;
accompanying;1;
accompanying--sidled;1;
accomplished;3;
accomplishment;1;
accord;1;
accordance;2;
according;2;
account;5;
accountable;1;
accumulating;1;
accusation;1;
accustomed;1;
achieved;1;
achievement;1;
achieving;1;
acknowledge;1;
acknowledged;2;
acknowledgment;1;
acquaintance;3;
acquaintances;1;
acquainted;2;
acquiesced;1;
acres;2;
across;32;
act;3;
acted;3;
action;2;
active;2;
activity;1;
actor;2;
actors;4;
acts;1;
actual;2;
actually;5;
adams;2;
adaptation;2;
adapted;1;
add;2;
added;13;
added--was;1;
addition;2;
additional;4;
additions;1;
address;1;
addressed;3;
addresses;2;
adeline;1;
adhesive;1;
adjoining;1;
adjuncts;1;
admirable;1;
admiration;5;
admired;1;
admiring;1;
admiringly;1;
admittance;1;
admitted;1;
ado;2;
adopted;1;
adored;1;
adoring;1;
adorn;1;
adornment;1;
adown;1;
advance;2;
advantage;2;
adventure;2;
advice;2;
advise;1;
afar;2;
afeard;1;
affairs;2;
affectionate;1;
afflicted;1;
afford;2;
affording;1;
afire;1;
afloat;1;
afoot;1;
afraid;13;
after;118;
after-smile;1;
after-workman;1;
afternoon;4;
afternoons;2;
afterward;9;
afterwards;3;
again;94;
again--it;1;
again--oh;1;
against;31;
age;8;
age--and;1;
agent;1;
ages;1;
aggravations;1;
agin;1;
aglow;1;
ago;12;
ago--the;1;
agog;1;
agoin;1;
agonized;1;
agree;12;
agreed;1;
agreement;18;
aground;1;
ah;1;
ahead;2;
aid;2;
aigh;1;
aim;1;
aimed;1;
aint;15;
air;20;
air-cushion;1;
air-spaces;1;
airiest;1;
airs;2;
aisle;1;
ajar;1;
ak;1;
alcohol;1;
alhambra;1;
alight;4;
alighting;2;
alike--able;1;
alive;3;
all;399;
all--all;1;
all--lies;1;
all--under;1;
all-round;1;
alleged;1;
allegory;2;
allers;2;
allow;5;
allow--she;1;
allowed;2;
allows;1;
alls;1;
alluding;1;
allusion;2;
almighty;1;
almost;28;
alone;12;
along;26;
alongside;3;
aloof;1;
aloud;1;
alpacky;2;
alpackys;1;
already;19;
also;37;
also--last;1;
also--to;1;
altar;1;
alteration;1;
altered;2;
alternate;1;
alternating;1;
alternative;1;
alters;1;
although;1;
altitude;1;
altogether;5;
alway;1;
always;83;
alwers;1;
am;11;
amazed;1;
amazement;1;
amber;1;
amendment;1;
amends;1;
america;2;
american;3;
amiable;1;
amid;1;
amidst;1;
ammonoosuc;1;
among;63;
amongst;1;
amost;1;
amount;3;
amounts;1;
amused;9;
amusement;3;
amusements;1;
amusing;1;
amy;1;
an;166;
analogy;1;
ancient;3;
and--angry;1;
and--be;1;
and--i;1;
and--oh;1;
and--well;1;
and--with;1;
and--would;1;
and--yes--he;1;
andersen;1;
andirons;1;
androscoggin;1;
anew;2;
angelhood;1;
angle;3;
angles;2;
ankles;1;
announced;2;
announcement;1;
annoyance;2;
annoyed;2;
another--from;1;
answer;11;
answered;27;
answering;1;
answers;1;
anticipate;1;
anticipation;2;
antidote;1;
antiquated;1;
anxieties;1;
anxiety;3;
anxious;3;
anxiously;1;
any;101;
anybodys;1;
anyhow;1;
anyway;3;
anywhere;7;
anywhere--and;1;
apart;2;
apartment;2;
apern-full;1;
apiece;1;
apologetic;1;
apologetically;1;
apostle;1;
apparel;1;
apparent;3;
apparently;4;
apparition;1;
appealed;1;
appealing;1;
appealingly;1;
appear;3;
appearance;1;
appeared;7;
appearing;1;
appears;2;
appellation;1;
applauding;1;
applause;5;
applause--almost;1;
applause--that;1;
apple--she;1;
apples;2;
applicable;3;
application;3;
apply;1;
appreciated;1;
appreciation;2;
appreciative;1;
apprehend;1;
apprehended;1;
apprehension;2;
approach;3;
approaching;5;
appropriate;1;
appropriated;1;
appropriately;1;
approve;3;
approved;2;
apron;1;
apropos;1;
apropos--what;1;
apt;9;
arabesque;1;
ararat;1;
arbitrarily;1;
arbitrary;1;
arbutus;1;
arches;2;
architecture;1;
archive;13;
arden;1;
are--so--triumphant;1;
arent;1;
argue;1;
argues;1;
arise;1;
ark;1;
arm;5;
armchair;1;
armful;1;
arms;6;
army;1;
arnall;4;
arnalls;3;
arose;1;
around;20;
aroused;1;
arrange;3;
arrangement;2;
arrangements;2;
arranging;1;
array;1;
arrestively;1;
arrival;5;
arrivals;2;
arrived;3;
arrived--the;1;
art;1;
artemus;1;
articles;1;
artificial;1;
artistically;1;
artists;1;
arts;1;
as;498;
as-is;1;
ascend;2;
ascent;2;
ascii;4;
asenath;5;
asenath--it;1;
asenaths;1;
ashamed;6;
ashes;1;
ashy;1;
aside;6;
aside--that;1;
ask;8;
askance;2;
asked;31;
asking;6;
askings;1;
asks;1;
aspect;4;
aspect--looking;1;
assemblies;1;
assembly;1;
assented;1;
assert;2;
asserted;1;
assiduously;1;
assist;1;
assistance;1;
assistant;2;
assisting;1;
associated;12;
association;1;
assure;2;
assured;2;
asterias;1;
asthma;1;
asthma--those;1;
astonishing;1;
astonishment;4;
astray;2;
astronomy;1;
ate;1;
athout;1;
atilt;1;
atlas;1;
atmosphere;1;
atom;1;
atoms;1;
attached;1;
attack;1;
attain;1;
attempted;1;
attempting;1;
attend;2;
attendants;2;
attended;1;
attending;1;
attention;3;
attentions;1;
attic;1;
attitude;5;
attitudes;1;
attraction;1;
attraction--oliver;1;
audacity;1;
audibly;1;
audience;8;
august;2;
augusta;10;
augustas;1;
auld;1;
aunt;18;
aunts;3;
aurora;1;
author;1;
autumn;1;
avail;1;
available;2;
average;1;
aware;3;
aware--which;1;
away;63;
away--you;1;
away--young;1;
awe;2;
awful;10;
awful-looking;1;
awfully;4;
awhile;3;
awkward;1;
axis;1;
azaleas;1;
b;2;
babel;1;
babies;1;
baby;1;
baby-daintiness;1;
back;93;
back--as;1;
back--his;1;
back--just;1;
backed;2;
background;1;
backs;2;
backward;1;
bad;8;
bad--what;1;
bade;1;
bag;8;
bag--a;1;
baggage;2;
baggage-room;1;
bags;1;
balancings;1;
balcony;12;
bald;1;
ball;1;
ball-room;1;
ballad;3;
balls;3;
balmoral;3;
balsam;1;
band;1;
bands;1;
bank;2;
banner;1;
banter;1;
baptism;1;
baptismal;1;
bar;2;
barbara;15;
bare;7;
barege;2;
bark;1;
barn;1;
baronetcy;1;
barren;1;
barrenness;1;
bars;3;
bartley;1;
bartley--quite;1;
basalt;1;
base;5;
based;5;
basin;4;
basket;16;
baskets;2;
basted;1;
basting;1;
batter;1;
bawled;1;
bay-window;2;
bayonets;1;
bays;1;
be;390;
be--and;1;
be--pretty;1;
be--reverently--glad;1;
be--was;1;
bead;1;
beads;1;
beamed;1;
beaming;1;
bear;16;
bear--perhaps;1;
bear-skin;1;
bearing;3;
bears;1;
beast;1;
beat;4;
beautiful;24;
beautifully;1;
beauty;28;
beauty-part;1;
beauty-sleep;1;
became;3;
because;20;
beckoned;1;
beckoning;2;
become;6;
becomes;1;
becoming;1;
bed;4;
bedded;2;
bedroom;1;
bedrooms;3;
beds;4;
bedstead;1;
bedtime;3;
bee;5;
bee-line;1;
been;183;
bees;1;
beetling;2;
befallen;1;
before;83;
beforehand;3;
beg;6;
began;31;
beggars;1;
begged;5;
begin;17;
beginning;18;
beginning--how;1;
beginnings;1;
begins;1;
beguilement;1;
beguilements;1;
beguiling;1;
begun;13;
behalf;6;
behave;1;
behaving;2;
behavior;1;
behind;36;
behold;1;
being;29;
being--what;1;
beleaguered;1;
believe;14;
believe--through;1;
believe--to;1;
believed;8;
believing;1;
belittling;1;
bell;4;
belle;2;
belle--the;1;
belleship;1;
bells;1;
belong;3;
belonged;2;
below;15;
belt;1;
ben;8;
benches;4;
bend;1;
beneath;7;
benefit;3;
benevolences--these;1;
benignity;1;
benison;2;
bent;7;
berries;1;
berry;1;
bertha;1;
beryl;4;
beryls;1;
besetting;1;
beside;16;
besides;12;
best;37;
best--at;1;
bestirred;1;
bet;1;
betaken;1;
betokened;1;
betokens;1;
betray;1;
betraying;1;
better;34;
between;45;
bewildered;1;
bewildering;1;
bewitching;3;
beyond;16;
bib-apron;1;
bible;2;
bidding;2;
biding-places;1;
bier;1;
big;15;
big-flowered;1;
biggening;1;
bigger;1;
biggest;3;
bilin;1;
billows;1;
bills;1;
binary;1;
binding;1;
bindings;2;
birch;1;
birch-bark;1;
birches;1;
bird;3;
bird-cage;2;
bird-notes;1;
bird-song;1;
birds;2;
biscombe;1;
biscuit;1;
biscuits;1;
bishop;1;
bistre;1;
bit;31;
bits;7;
bitterness;1;
black;24;
blacksmith;1;
blades;1;
blank;2;
blanket;1;
blashfords;1;
blaze;2;
blazed;1;
blazing;1;
bleach;1;
bleached;1;
bleachin;1;
blending;1;
blessed;2;
blessing;1;
blind;4;
blindfold;1;
blindly;1;
blinds;6;
blistered;1;
blither;1;
block;1;
blocks;1;
bloodshot;1;
bloom;7;
blossom;4;
blossomless;1;
blot;1;
blouses;1;
blow;1;
blown;3;
blowzy;1;
blue;27;
blueberry;1;
blundered;1;
blunt;4;
bluntness;1;
blushed;2;
blushing;1;
board;7;
boarders;1;
boarding;1;
boarding-school;2;
boards;1;
boasted;1;
boating;1;
bodied;1;
bodies;1;
bodily;1;
body;3;
body--they;1;
boil;1;
boiled;2;
boiling;1;
boisterous;1;
bolsters;1;
bolt;4;
bolted;2;
bone;1;
bonnet;12;
bonnet--grass;1;
bonnet-box;1;
bonnet-boxes--these;1;
bonnet-ribbons;1;
bonnets;1;
bony;1;
book;9;
book--a;1;
book--grimms;1;
book-keeper;1;
books;6;
books--quite;1;
boots;3;
border;2;
border--rebellion--finds;1;
bore;1;
born;5;
borne;4;
bosom;1;
bosoms;1;
boston;2;
both;16;
bother;1;
bottle;4;
bottom;2;
bottoms;1;
boudoir;3;
boughs;2;
bought;2;
bouncing;1;
bound;5;
bounded;1;
bounding;1;
bouquets;1;
bow;5;
bow-wow;1;
bowditchs;1;
bowed;1;
bowing;1;
bowl;1;
box;6;
boxes;5;
boy;20;
boy-enthusiasm;1;
boy-fashion;1;
boy-hobby;1;
boy-mind--its;1;
boy-vehemence;1;
boys;11;
bracket-mantel;1;
braid;1;
braided;2;
braids;1;
brain;3;
brain--not;1;
brain-lamps;1;
bran-new;1;
branch;4;
branches;3;
branching;1;
brass;2;
brave;7;
bravely;2;
breach;2;
bread;4;
breadth;2;
breadths;4;
break;2;
break-up;1;
breakfast;4;
breakfast-room;1;
breakfast-table;2;
breaking;1;
breast;4;
breath;16;
breathe;2;
breathed;1;
breathing;1;
breathless;1;
breeze;4;
brewing;1;
brick;1;
bridal;1;
bridge;1;
brief;2;
briefest;1;
bright;58;
bright-colored;1;
bright-tinted;1;
brightened;3;
brightening;1;
brighter;3;
brightest;1;
brightness;7;
brilliancy--all;1;
brilliant;4;
brilliantly;1;
brim;2;
brim--the;1;
brimming;2;
brimming-over;1;
bring;11;
bringing;4;
brings;2;
briskly;2;
bristling;2;
broached;1;
broad;12;
broadened;2;
broadening;1;
broadest;2;
broadway;1;
broke;10;
broken;10;
bronze;1;
brood;1;
brookhouse;9;
broom;1;
broomstick;1;
brother;4;
brother--will;1;
brothers;5;
brought;27;
brow;2;
brow--bound;1;
brown;20;
brownies;1;
browns;2;
brows;6;
brushed;3;
brushes;3;
brussels;1;
budge;1;
buff;1;
buffalo-horn;1;
build;1;
built;5;
bulk;3;
bulletin--latest;1;
bum-bum-bye;1;
bumble-bee;1;
bumps;1;
bunch;2;
bundle;2;
bundling;1;
burden;2;
bureau;4;
bureau-knob;1;
burn;1;
burned;3;
burnished;1;
burnishing;1;
burrs;1;
burst;1;
bushel;1;
bushes;2;
business;9;
business--as;1;
business--but;1;
business@pglaforg;1;
bustle;2;
bustling;1;
busy;12;
but;329;
but--if;1;
but--its--the--proportion;1;
butter;1;
butterflies;4;
butterfly;1;
button-fasteners;1;
buttonhole;2;
buttonholes;3;
buy;1;
buzz;2;
buzzing;1;
by;225;
by-nooks;2;
by-way;1;
c;1;
cable;1;
cage;1;
cage-pasture;1;
cairn;13;
cake;3;
cake-plates;1;
cakes;7;
calculate;4;
calculated;1;
calculation;1;
calendar;1;
calf-skin;1;
calico;3;
calicoes;1;
call;13;
called;27;
called--madam;1;
calling;3;
calls;2;
calm;4;
cambric;10;
cambridge;1;
came;167;
came--it;1;
camel;1;
can;79;
canary;1;
candle;4;
candles;2;
candor;1;
candytuft;1;
cane;1;
canine;1;
cannot;18;
canopied;1;
cant;51;
cap;8;
capable;1;
capacity;2;
cape;2;
capital;2;
capitals;1;
capo--jefferson;1;
caps;3;
captain;11;
car;3;
carbuncle-splendor;1;
card;1;
card-board;1;
cards;1;
care;23;
cared;5;
carefully;3;
careless;3;
carelessly;1;
cares;7;
caring;1;
carolina;1;
carpenter;1;
carpentering;1;
carpet;7;
carpet-bag;2;
carpet-paper;1;
carpets;1;
carriage;3;
carried;8;
carrot-tops;1;
carry;9;
carrying;1;
cars;4;
case;1;
cases;1;
cashmere;1;
caste;1;
casting;1;
castled;1;
casual;1;
cat;3;
cat-called;1;
catalogue;1;
cataract;1;
catch;2;
catches;1;
catching;4;
caterpillar;1;
caterpillars;1;
cathedral;1;
catskill;2;
cattle;1;
caught;8;
cause;4;
causes;1;
cavalry;3;
cavern;1;
cavil;1;
cease;1;
ceased;3;
ceaseless;1;
cedars;3;
ceiling;1;
cementing;1;
central;5;
centre;6;
centred;1;
centrifugal;1;
cents;1;
century-plant;1;
ceremony;1;
certain;19;
certainly;2;
certainties;1;
certainty;2;
cest;1;
chain;1;
chair;6;
chairs;4;
chalices;2;
chalked;1;
chalky;1;
challenged;1;
chamber;1;
chambermaid;1;
chamois--these;1;
chance;11;
chandelier;1;
change;9;
changed;7;
changeful;1;
changes;1;
changing;4;
channel;1;
channels;1;
chaperonage;1;
chapter;19;
chapters;1;
character;6;
characteristic;1;
characters;2;
charades;1;
charge;11;
charges;2;
charitable;1;
charities;1;
charity;2;
charity-trunk;1;
charles;5;
charless;2;
charmed;1;
charming;7;
charming--but;1;
charming--the;1;
charms;1;
charter;1;
chartered;1;
chase;1;
chat;3;
chattanooga--leading;1;
chatted;1;
chatter;4;
cheap;1;
cheaper;1;
cheat;2;
check;4;
checks;6;
cheek;4;
cheeks;5;
cheer;2;
cheered;1;
cheerful;1;
cheerier;1;
cheery;2;
cheese;1;
chemical;2;
chemicals;4;
cherry;4;
cherrywood;1;
chess;5;
chess--when;1;
chess-board;3;
chess-practice;1;
chestnut;2;
chicago;1;
chicken;7;
chicken--i;1;
chicken-heartedness;1;
chief;3;
chiefly;1;
child;20;
child--;1;
child--a;1;
child--she;1;
child--with;1;
child-antidote;1;
child-face;1;
child-unconsciousness;1;
childhood;2;
childhoods;3;
children;11;
children--of;1;
children--training;1;
childrens;1;
childs;4;
chill;1;
chimney;1;
chimneys;1;
chin;1;
china;2;
chintz;2;
chips;1;
chivalrous;1;
chivalry;1;
chock--full;1;
choice;3;
choose;4;
choosers;1;
chooses;1;
choosing;1;
choruses;1;
chose;7;
chosen;3;
christ;4;
christian;1;
chrysalides;1;
chrysalis;1;
chuckle;2;
church;4;
cinder;3;
cinderella--with;1;
cinders;2;
circle;3;
circles;4;
circuit;1;
circulating;1;
circumspectly;1;
circumstance;1;
circumstances;1;
cities;2;
city;10;
citys;1;
civilized;1;
civilly;1;
claim;1;
claimants;1;
claimed;2;
clamor;1;
clans;1;
clapped;2;
clapping;2;
clasped;2;
clattering;1;
clean;7;
clean-washed;1;
clear;26;
clear--hummux;1;
clearance;2;
cleared;4;
clearer--in;1;
clearest;1;
clearin;1;
clearing;1;
clearings;1;
clearly;1;
cleverest;1;
cleverness;2;
cliff;18;
cliff--the;1;
cliff-bound;1;
cliff-side;1;
cliffs;2;
climb;6;
climbed;6;
climbing;5;
clinging;1;
clique;1;
cloak;1;
clock;2;
clocks;1;
close;22;
closed;7;
closely;2;
closer;4;
closet;2;
clothed;1;
clothes;5;
clothes-lines;1;
clothes-poles;1;
cloud;2;
cloud-shadows;1;
cloudless;1;
clouds;7;
clover;1;
clucking;1;
clumsily;1;
clung;2;
clustering;1;
co;1;
coach;3;
coach-box;1;
coach-window;1;
coaches;1;
coals;1;
coarse;3;
coat;1;
coat-skirts;1;
coats;1;
coax;1;
coaxed;2;
cobweb;1;
cocky-locky;1;
codes;1;
coffee;7;
coffee--no;1;
cog;1;
coil;1;
coincidence;1;
cold;11;
cold--that;1;
collapse;1;
collar;5;
collars;1;
collection;6;
college;1;
colonel;1;
color;10;
colorado;1;
colored;1;
coloring;1;
colors;2;
columnar;1;
columns;1;
comb;2;
combed;1;
combination;3;
come;126;
come--if;1;
comeliness;2;
comer;2;
comers;4;
comes;16;
comfort;7;
comfort--who;1;
comfortable;12;
comfortably;3;
comforted;1;
comfortlessly;1;
comforts;3;
comicality;1;
comically;2;
comin;7;
coming;44;
command;2;
commander;1;
commenced;1;
comment;1;
commentary;1;
commenting;1;
commercial;1;
committed;1;
committee;1;
commodious;1;
common;14;
common-sense;2;
common-sense-ically;1;
commonest;1;
commonly;1;
commonplace;1;
commotion;1;
communicated;1;
communication;1;
communion;1;
companies;1;
companion;7;
companion--youre;1;
companions;5;
companionship;4;
company;6;
comparative;1;
comparatively;3;
compare;1;
comparing;1;
comparison;1;
compelled;2;
compensating;1;
competed;1;
compilation;1;
complacent;1;
complacently;1;
complain;2;
complaining;1;
complaints;2;
complete;3;
completed;5;
completion;1;
complexion;2;
complexions;1;
compliance;5;
complicated;1;
complied;1;
compliment;1;
compliments;3;
comply;6;
complying;3;
compounded;1;
comprehended;1;
comprehending;2;
comprehension;1;
compressed;2;
compromise;1;
compromised;1;
compunction;1;
computer;2;
computers;2;
concealment;1;
conceive;1;
concept;2;
concern;3;
concerned;2;
concerning;7;
concluding;4;
conclusion;2;
concurrence;1;
condemn--simply;1;
condensed;1;
condensing;1;
condign;1;
condition;1;
conditions;1;
conductor;1;
cones;1;
confections;1;
confess;1;
confessing;1;
confidence;6;
confident;2;
confidential;2;
confidentially;1;
confirm;1;
confirmation;2;
confirmed;1;
confirming;1;
confiscated;1;
confused;1;
confusing;1;
confusion;2;
conglomerated;1;
congratulate;2;
congregation;1;
conjectured;1;
connected;1;
connecticut;1;
connection;2;
cons;1;
conscience;2;
consciences;1;
conscious;1;
consciousness;3;
consent;2;
consented;1;
consequence;2;
consequence--when;1;
consequential;1;
consider;2;
considerable;2;
considerably;1;
considerate;1;
consideration;2;
considered;2;
considering;3;
consistent;1;
consistent--with;1;
consolation;5;
console;1;
conspicuous;1;
constant;2;
consternation;1;
constitution;1;
consultations;1;
consulted;2;
contact;5;
contagion;1;
contain;2;
containing;1;
content;4;
contented;3;
contents;1;
continual;1;
continually;4;
continuance;1;
continued;5;
continuous;1;
contract;1;
contradict;2;
contradictory;1;
contrary;2;
contrast;5;
contrasted;1;
contrasting;1;
contribution;1;
contribution-box;1;
contributions;3;
contrivance;1;
contrivances;1;
contrive;4;
contrived;4;
conveniences;1;
convenient;4;
conventionalisms;1;
conversation;2;
convert;2;
converted;1;
convey;1;
conveyed;1;
conviction;1;
conviction--who;1;
convince;1;
convolvulus;1;
cooeperation;1;
cooking;1;
cool;6;
cooled;1;
coolly;1;
cools;1;
coon;1;
copied;2;
copies;7;
copper;3;
copperfield;1;
coppers;1;
copy;12;
copying;4;
copyright;13;
coquetry;1;
coquettish;1;
coral-headed;1;
corals;1;
cord;5;
cordial;1;
cordiality;1;
cordially;1;
cords;1;
corks;1;
corner;16;
corner-room;1;
corner-seats;1;
corners;4;
corporation;1;
corpse;1;
correct--what;1;
corrected;1;
corresponding;1;
corresponds;1;
corrupt;1;
corvinus;1;
cosily;1;
cost;6;
costly;2;
costs;2;
costume;10;
cosy;3;
coterie;1;
cottage;12;
cottage--i;1;
cotton;2;
cotton-ball;1;
cotton-flannel;2;
cotton-spools;1;
couch;1;
cough;1;
could;112;
could--an;1;
couldnt;19;
council;1;
count;3;
counted;5;
countenance;2;
countenancing;1;
counter-moves;1;
counting;3;
countries;1;
country;11;
country-dwellings;1;
countryman;1;
county;1;
coup;1;
couple;5;
courage;1;
course;27;
course--in;1;
course--the;2;
course--their;1;
court;1;
courted;1;
courteous;2;
courteously;2;
courtesies;1;
courtesy;4;
cousin;36;
coventry;1;
cover;4;
covered;3;
covering;2;
covers;1;
coveted;1;
covey;1;
cows;1;
cows--that;1;
crack;3;
crag;1;
crags;3;
crashing;1;
craters;1;
crawford;1;
crawling;1;
craydocke;121;
craydocke--and;1;
craydocke--sin;1;
craydockes;16;
crazy;1;
cream;8;
cream--i;1;
created;2;
creating;4;
creation;3;
creature;4;
creatures;1;
credit;2;
creditable;1;
creep;1;
creepers;2;
creeping;2;
creggins;2;
crept;2;
crescendo;1;
crest;5;
crests;2;
cried;35;
crimes;1;
criminals;1;
crimped;2;
crimping;1;
crimps;2;
crimson;3;
crimson-tipped;1;
crinoline;2;
crinolines;1;
cripple;1;
crisp;2;
critical;1;
crittur;1;
crochet;2;
crochet--which;1;
crockery;1;
crooked;1;
cropping;1;
croquet;8;
croquet--when;1;
cross;5;
cross-threads;1;
crossed;1;
crotch;1;
crow;1;
crowd;4;
crowded;12;
crowding;2;
crowds;2;
crown;6;
crowned;5;
crowning;2;
crows;1;
crows-feet;1;
cruel;2;
crushed;2;
crushing;1;
crutches;1;
cry;3;
crystal;2;
crystals;1;
crystals--i;1;
cubit;1;
cuddled;1;
cudgels;1;
cue;3;
cuffs;1;
culminating;1;
culprit;1;
culture;1;
cultured;1;
cummins;1;
cunningly;1;
cup;4;
cup-custards;1;
cup-mosses;1;
cupboard;1;
curiosity;3;
curious;8;
curiously;1;
curl;1;
curling;1;
curls;5;
curls--these;1;
curly;1;
current;3;
currents;1;
cursed;2;
curtain;19;
curtain-puller;1;
curtain-rings;1;
curtained;1;
curtains;3;
curve;4;
curves;1;
cushioned;1;
custom--or;1;
cut;9;
cutting;2;
cynical;1;
cynicism;1;
d;5;
daguerreotype;2;
daily;12;
dainties;1;
daintily;1;
dainty;8;
dainty-smelling;1;
dakie;88;
dakie--here;1;
dakies;3;
damage;2;
damaged;1;
damages;4;
dame;2;
dana;1;
dance;14;
dance--under;1;
danced;4;
dancers;1;
dancing;6;
dancing--very;1;
dancing--were;1;
dancing-hall;1;
danger;3;
dangerous;3;
dangling;1;
dare;4;
dared;2;
daring;1;
dark;13;
darker;2;
darling;1;
darn;4;
darned;1;
darning;3;
darning-needle;1;
darns;3;
darted;1;
dash;3;
dash-board;1;
dashed;1;
data;1;
date;6;
daub;1;
daughter;6;
daughters;5;
david;4;
dawn;1;
dawned;1;
day;53;
day--a;1;
day--did;1;
day--perhaps;1;
day--the;1;
daybreak;1;
daylight;1;
days;31;
days--looking;1;
dazzle;1;
dazzling--was;1;
deacon;1;
dead;5;
deaf;2;
deal;21;
dear;31;
dear--number;1;
dearest;1;
dears;1;
death;2;
debut;1;
debutant;1;
decide;1;
decided;3;
decision;1;
decision--very;1;
decisions;1;
declamation;1;
declared;9;
declared--laughing;1;
declaring;2;
declining;2;
decorated;1;
decoration;1;
decorously;2;
dedicate;1;
dedication;1;
deductible;1;
deed;1;
deef;2;
deep;11;
deep--coming;1;
deepen;1;
deeper;4;
deepest;2;
defect;3;
defective;3;
defects;1;
defend;1;
defense;1;
deference;2;
defiant;2;
define;1;
defining;2;
definite;1;
definiteness;1;
definition;1;
deft;1;
degree;1;
degrees;3;
del;3;
delaines;1;
delayed;3;
deletions;1;
deliberate;1;
deliberately;3;
deliberation;1;
delicacy;1;
delicate;19;
delicious;3;
delight;58;
delight--a;1;
delight--golden-eyed;1;
delighted;3;
delighteth;1;
delightful;2;
delights;4;
delights--all;1;
delirium;1;
delivery;1;
deluded;1;
demand;4;
demanded;1;
demands;1;
demeanor--a;1;
demi-festival--the;1;
demi-toilette;1;
demonstration;1;
demonstrative;1;
demoralized;1;
demorests;1;
demur;2;
demure;1;
demurely;1;
demureness;1;
demurred;1;
demurringly;1;
den;1;
denial;2;
denouement;1;
deny;1;
departed;1;
depend;2;
depended;2;
depends;4;
depends--well;1;
depositary;1;
depth;1;
depths;3;
derivative;3;
derive;1;
derived;1;
descend;1;
descending;1;
describe;2;
described;1;
desecrated;1;
desert--no;1;
designs;1;
desire;3;
desk;1;
despair;1;
desperate;2;
desperately;1;
despising;1;
despite;2;
destiny;1;
destroy;2;
detach;1;
detached;4;
detail;1;
details;2;
detained;1;
determination;2;
determination--until;1;
determine;1;
determined;5;
detract;1;
developed;3;
developing;1;
devils;1;
devolve;1;
devoted;2;
devotion;3;
devreaux;3;
dexterously;1;
dexterousness;1;
diamond--for;1;
dick;3;
dickens;1;
dickory;1;
did;72;
didnt;22;
die;1;
died;5;
difference;10;
differences;1;
different;23;
differing;1;
difficulties;1;
diffidence;1;
digit;1;
digits;1;
dignified;2;
dignity;4;
dilapidated;1;
dilute;1;
dim;3;
dimensions;1;
diminishing;1;
dimness;1;
dimples;2;
dingy;1;
dining-hall;1;
dining-place;1;
dining-room;2;
dinner;10;
dinner-time;1;
dipped;2;
dips;1;
direct;2;
directed;1;
direction;3;
directly;3;
director;1;
directories;1;
directory;2;
dirt-color;1;
dirty;1;
disappeared;4;
disappeared--cups;1;
disappointed;2;
disappointment;3;
disastrous;2;
discerning;1;
discharged;2;
disciples;1;
disclaim;1;
disclaimer;3;
disclaimers;1;
disclosing;1;
discomfited;1;
discomfiture;1;
discontentedly;1;
discontinue;1;
discordantly;1;
discouragement;1;
discover;2;
discovered;6;
discoveries;1;
discovery;1;
discreet;2;
discrimination;1;
discursive;1;
discussion;2;
disdained;1;
disfigured;1;
disfigurement;1;
disgraceful;1;
disguisedly;1;
disgust;2;
dish;2;
disk;1;
dislike;1;
dispatch;1;
dispatched;1;
display;1;
displayed;1;
displaying;4;
displeased;1;
displeasure;1;
disposal;1;
disposed;4;
disputes;1;
disquiet;1;
disregard;3;
dissatisfied;1;
dissimilar;1;
dissolved;1;
dissolving;1;
distance;4;
distilled;2;
distinction;1;
distinctive;1;
distorting;1;
distractions;1;
distress;1;
distribute;7;
distributed;6;
distributing;7;
distribution;6;
distributor;1;
disturb;2;
disturbance;1;
disturbed;1;
diverse;1;
diversion;1;
diverted;1;
divertisements;1;
divest;1;
divided;2;
dividing;1;
divine;2;
divinity;1;
dixville;8;
do;165;
do--be;1;
do--except;1;
do--representing;1;
dock--behold;1;
doctor;1;
dodge;1;
does;17;
doesnt;9;
dog;7;
dog--the;1;
dog-star;1;
dogs;1;
doing;18;
doings;2;
doings--the;1;
dolefully;1;
doll;1;
dollar;5;
dollars;5;
dollys;1;
domain;9;
domestic;2;
domesticated;1;
donate;3;
donation;1;
donations;15;
done;56;
done--elinor;1;
done--more;1;
donno;1;
donors;1;
dont;104;
door;41;
door-stone;1;
door-yard;1;
door-yards;1;
doors;6;
doorway;4;
dooryard;2;
dormer;1;
dormitories;1;
dost;1;
doted;1;
dots;1;
dotted;1;
dotting;1;
double;7;
double-bedded;1;
doubly;1;
doubt;8;
doubt--but;1;
doubting;1;
doubtless;4;
doubts;4;
doughnuts;3;
down;136;
down--its;1;
down--see;1;
downcast;2;
downfall;1;
downhill;1;
download;2;
downloading;1;
downright;1;
downstairs;3;
downstairs--the;1;
downward;2;
doze;1;
dozen;13;
dozens;2;
dr;6;
drab;1;
drafting;1;
dragged;4;
dramatic;1;
drank;2;
draperies;2;
drapery;2;
draping;1;
draught;4;
draw;6;
drawer;4;
drawers;2;
drawing;4;
drawing-room;2;
drawn;11;
dreadful;4;
dreadfully;2;
dream;2;
dreamily;1;
dreaming;1;
dreams;2;
dreamt;1;
dreamy;2;
dreariness;1;
dress;21;
dress-hooks;1;
dress-material;1;
dress-rehearsal;1;
dressed;5;
dresses;7;
dresses--that;1;
dressing;4;
dressing-box;1;
dressing-cases;2;
dressing-room;2;
dressing-table;1;
drew;15;
drift;3;
drifted;3;
drifting;1;
drifts;1;
drill;1;
drink;1;
drinking;3;
drinking-vessel;1;
drip;1;
drive;6;
driven;6;
driver;5;
drivers;1;
drives;1;
driving;1;
droll;1;
droop;1;
drop;9;
dropped;9;
dropping;4;
drops;6;
drove;3;
drum-beat;1;
dry;1;
drying;1;
ducky-daddles;1;
dull;5;
dull-lookin;1;
dullness;1;
duly;1;
dunderheadedness;1;
during;3;
dusky;2;
dust;4;
dutch;1;
duty;5;
dwellers;2;
dwelling;1;
dwellings--this;1;
dying;1;
e-mail;1;
each--that;1;
eager;3;
eagerly;4;
eagerness;5;
eagle;2;
ear;5;
earlier;2;
early;23;
early--to;1;
early-ripened;1;
earnest;9;
earnestness;2;
ears;2;
ears--and;1;
ears--it;1;
earth;6;
earth-masses;1;
earth-mountains;1;
earthly;1;
ease;2;
easily;6;
easing;1;
east;4;
eastern;4;
eastward;2;
easy;8;
eat;6;
eaves;2;
eavesdropping;1;
ebooks;14;
echoes;1;
eclipse;1;
eclipsed;1;
economies;2;
economy;1;
eddies;1;
edge;3;
edges;2;
edited;1;
edition;1;
editions;6;
edmonton;1;
education;1;
educational;2;
ef;1;
effect;4;
effects;1;
effie;3;
effies;1;
effort;6;
efforts;3;
effrontery;1;
egg;1;
eggs;1;
eh;1;
eight;4;
eight-and-twenty--who;1;
eighteen;1;
eighty;1;
ein;1;
either;19;
either--then;1;
either--to;1;
elaborate;1;
elaborately;1;
elastic;1;
elbow;2;
elbows;2;
elder;4;
elderly;3;
elders;2;
eldest;1;
elect;1;
electrified;1;
electronic;27;
electronically;2;
elegance;2;
elegant;10;
elegant-looking;1;
elements;1;
elephant;2;
elevated;1;
eleven;2;
eleventh-hour;1;
eligible;1;
elinor;47;
elinor--must;1;
elinor--was;1;
elinors;3;
elixirs;1;
elizabeth;1;
ellipse;1;
elm-branch;1;
elm-leaves;1;
elm-trees;1;
elms;1;
eloquence;1;
eloquent--the;1;
else;38;
else--sitting;1;
elses;1;
elsewhere;1;
elspie;1;
em;18;
em--dead;1;
email;3;
embankment;1;
embarrassment;2;
embarrassments;1;
embellishments;1;
embezzlement;1;
embracing;1;
embroider;1;
embroideries;1;
embroiderings;1;
emerged;1;
emergency;1;
emerging;1;
emma;2;
emotions;1;
emphasis;5;
emphatic;1;
emphatically;2;
employee;1;
employees;2;
empty;1;
emulation;1;
enacted;1;
enacting;1;
enchanting;1;
encircle;1;
encircling;1;
encoding;1;
encouragement;1;
encroachments;1;
end;37;
endeavoring;2;
ended;5;
ending;1;
ends;11;
endure;1;
endure--i;1;
endured;1;
enemy;1;
energetic;2;
energetically;2;
energy;1;
enforced;1;
enforcement;1;
engaged;3;
engine;1;
engineering;1;
england;3;
english;2;
english-man;1;
engravings;1;
engrossed;1;
enjoy;3;
enjoyment;6;
enlargements;2;
enlarging;1;
enoch;1;
enormous;5;
enough;39;
enriches;1;
enshrined;1;
ensuring;1;
enter;1;
entered;4;
entering;3;
entertained;1;
entertainers;1;
entertainment;1;
enthusiasm;7;
entire;1;
entity;3;
entrance;4;
entranced;1;
entreated;1;
envelopes;2;
epigrammatic;1;
episode;2;
equal;3;
equalize;1;
equipment;5;
ere;3;
errand;3;
errands;2;
errors;1;
escapades;1;
escape;2;
escaped;1;
escarpments;1;
escorts;1;
especial;2;
especially;9;
esplanade;1;
essay;1;
essential;2;
established;4;
establishment;1;
estimate;1;
etc;2;
etext;5;
ether;1;
ethiopians;1;
etna;1;
etty;12;
etty--and;1;
ettys;1;
europe--nobody;1;
evacuate;1;
evading;1;
evasive;1;
eve;1;
even;58;
even--and;1;
evening;14;
evening--upon;1;
evenings;1;
ever;51;
ever--but;1;
ever-moving;1;
evergreen;3;
everlastin;1;
everlastingly;1;
every;33;
every-day;1;
everybody;19;
everybodys;2;
everything;31;
everywhere;3;
everywheres;1;
evidenced;1;
evident;1;
evidently;4;
evil;1;
exact;2;
exactly;9;
exaggerated;1;
examine;1;
example;1;
exasperated;1;
excavated;1;
exceeding;1;
excellent;2;
except;11;
exception;1;
excessively;2;
exchange;1;
exchanged;2;
excited;3;
excitement;10;
exciting;1;
exclaimed;6;
exclamation;2;
exclamations;2;
excludes;1;
excluding;1;
exclusion;1;
excursion;1;
excursionists;2;
excursionize;1;
excursions;2;
excuse;2;
excused;1;
execute;1;
executing;1;
execution;1;
executive;2;
exempt;2;
exercise;3;
exertion;1;
exeter;1;
exhalations;1;
exhaled;1;
exhaustless;1;
exhilarant;1;
exists;1;
expanse;1;
expansive;1;
expect;3;
expectant;1;
expectations;1;
expected;2;
expecting;2;
expedition;4;
expend;1;
expense;2;
expenses;2;
experience;5;
experiences;1;
experiment;2;
experimental;1;
explain;3;
explained;2;
explaining;2;
explanation;3;
explanations;1;
expletive--possibly;1;
explosiveness;1;
exporting;1;
express;4;
expressed;3;
expression;10;
expression--such;1;
expressive;2;
expressively;1;
expressly;1;
exquisite;1;
exquisitely;2;
extend;1;
extended;1;
extent;3;
external;2;
extinguish;1;
extra;2;
extraordinary;3;
extras;1;
extravagance;1;
extravagant;1;
extricated;1;
exultation;1;
exulting;1;
eye;16;
eye-stone-womans;1;
eyebrows;2;
eyelid;3;
eyes;51;
eyestone;4;
eyestones;6;
f3;1;
fables;1;
fabric;2;
face;77;
faced;1;
faces;8;
facility;1;
facing;1;
fact;5;
fact--one;1;
faded;1;
fading;1;
fail;2;
failed;2;
faint;5;
fainted;1;
faintly;1;
fair;19;
fairbanks;1;
fairly;3;
fairy;2;
faith;4;
faithfully;1;
fall;13;
fallen;2;
falling;1;
falls;1;
fame;1;
familiar;1;
family;9;
family--many;1;
famous;1;
fancied;2;
fancies;1;
fancy;5;
fancy-traveling;1;
fancy-work--her;1;
far;22;
far-off;5;
farce;1;
farmers;2;
farmhouse;1;
farming;1;
farms;1;
farther;10;
fascinating;1;
fashion;29;
fashion--the;1;
fashion-plates;1;
fashions;2;
fast;6;
fasten;1;
fastened;4;
fastening;1;
faster;3;
fastnesses;1;
fate;1;
father;11;
fathers;2;
fatigue;2;
faucet;1;
fault;1;
favor;1;
favored;1;
favoring;1;
favorite;1;
fear;5;
fearful;1;
fearing;1;
fearless;1;
feast;4;
feat-footedness;1;
featest-footed;1;
feather;5;
feather--cap;1;
feather-cap;14;
feather-caps;1;
feathers;1;
feathery;3;
feature;1;
features;3;
february;1;
federal;2;
fee;8;
feeble;3;
feed;1;
feeding;2;
feeds;1;
feel;24;
feeling;15;
feelingest;1;
feels;1;
fees;4;
feet;17;
fell;12;
fellow;5;
fellow-traveler;2;
fellows;1;
fellowship;1;
felt;27;
felt--as;1;
female;1;
feminine;2;
fence;2;
fenced;1;
fer;2;
fern-frond;1;
ferns;2;
ferociously;1;
fervor;1;
festival;2;
fetch;3;
fetch-up;1;
fetchin;1;
fete;1;
few;25;
few--her;1;
fibre;1;
fidgets;1;
field;2;
fields;7;
fiercely;1;
fifteen;7;
fifteenth;1;
fifties;1;
fifties--for;1;
fifty;1;
fifty-dollar;1;
fig-leaves;3;
fig-leaves--some;1;
fig-tree;5;
fight;2;
figs;3;
figure;9;
figured;1;
figures;1;
figures--while;1;
filaments;1;
file;5;
filed;2;
filename;5;
filenames;1;
files;2;
fill;5;
filled;12;
filling;4;
filmy;2;
final;4;
finale;1;
finality;1;
finally;1;
financial;1;
find;34;
find--a;1;
finding;4;
finds;4;
fine;6;
fine-lady;1;
fine-lined;1;
fineries;3;
finest;2;
finger;9;
finger-craft;1;
finger-tips;1;
fingers;7;
finish;5;
finished;8;
finishing;6;
finishings--and;1;
fire;12;
fireplace;4;
firewood;1;
first;75;
first--heats;1;
first--might;1;
first--the;1;
first-named;1;
first-rate;1;
fishers;1;
fit;3;
fitfulness;1;
fitness;1;
fits;1;
fitted;2;
five;8;
fix;3;
fixed;4;
fixture;1;
fizz;1;
flag;6;
flags;1;
flame;1;
flames;1;
flanks;1;
flannel;3;
flash;7;
flashed;2;
flashing;1;
flat;5;
flaunt;2;
flaying;1;
flesh;2;
flesh--it;1;
flew;2;
flies;1;
flight;3;
flights;1;
fling;1;
flinging;1;
flitted;5;
flitting;1;
floated;1;
floating;4;
floating-island;1;
flood;1;
flooding;2;
floor;10;
floors;1;
florrie;3;
flounce;1;
flounces;2;
flourish;1;
flourishes;1;
flourishing;1;
flower;7;
flower-beds;1;
flower-seedlings;1;
flowers;3;
flung;6;
flurry;1;
flush;4;
flushed;2;
flutter;3;
fluttered;1;
fluttering;2;
flying;1;
folded;5;
folding;1;
folds;4;
foliage;2;
folks;12;
follow;6;
followed;9;
followers;1;
following;8;
food;1;
fool;3;
foolish;3;
fools;2;
foot;11;
foothold;1;
footlights;3;
for;542;
for--sebm;1;
forbiddance;1;
force;4;
forced;2;
forces;1;
forcing;1;
ford;1;
forded;1;
fore;1;
fore-paws;1;
forefinger;1;
foreground;1;
forehead;5;
foreknowledge;1;
foreseen;1;
foresight;1;
forest;4;
forestalled;1;
forests;2;
foretaste;1;
forever;2;
forevermore;1;
forget;4;
forget--that;1;
forgiven;1;
forgot;4;
forgotten;1;
forlornly;1;
form;8;
formal;1;
format;4;
formats;3;
formed;1;
former;2;
forming;2;
forth;37;
forth--on;1;
forthwith;1;
fortnight;1;
fortunate;2;
fortune;1;
forty;2;
forty-five;1;
forward;14;
forward--as;1;
forwardness;1;
fossils;1;
fosters;1;
found;46;
found--i;1;
foundation;24;
foundations;3;
fountain;1;
four;17;
four-ball;1;
four-oclocks;2;
fourteen;1;
fourteenth;1;
fourth;1;
fox;2;
fractious;1;
fragment;4;
fragmentary;2;
fragments;3;
fragrance;2;
fragrance--for;1;
fragrant;1;
frail;1;
frame;3;
framed;3;
frames;1;
framework;1;
framing;2;
franconia;1;
frank;44;
frankness;1;
frederick;1;
free;7;
freedmen;2;
freedmens;2;
freedom;3;
freedoms;2;
freely;4;
freight;1;
french;3;
frequent;1;
fresh;28;
fresh--fig-leaf--for;1;
fresh-water;1;
freshened;2;
freshening;1;
fresher;1;
freshest;1;
freshness;1;
fret;1;
fretted;1;
friction;1;
friday;1;
fried;1;
friend;21;
friend--a;1;
friendliness;1;
friendly;3;
friends;26;
friends--and;1;
friends--understood;1;
friendships;1;
friendships--would;1;
frietchie;9;
frietchies;2;
fright;1;
frightened;2;
frightful;1;
frill;1;
frilled;1;
frivel;1;
frivolous;1;
frizzed;1;
frock;2;
frocks;4;
frolic;6;
frolic--the;1;
from;238;
front;17;
front--kept;1;
frost;1;
frosted;2;
frothed;1;
frown;1;
frowning;1;
fruit;20;
fruits;1;
fry;1;
fugitive;1;
fulfillment;1;
full;56;
full--the;1;
fuller;1;
fully;4;
fumed;1;
fun;20;
fundamental;1;
funeral;1;
funny;6;
furieuse;1;
furnished;2;
further;11;
fuss;4;
future;5;
gable;2;
gain-said;1;
gained;1;
gaining;1;
gallant;1;
galop;3;
game;11;
garden;4;
garlands;1;
garment;1;
garments;1;
garnet;2;
garnished;1;
garnishings;1;
garnits;2;
garniture--not;1;
garret;3;
garret-stairs;1;
gases;1;
gate;1;
gates;1;
gather;1;
gathered;14;
gathered--for;1;
gathering;4;
gathers;1;
gaunt;1;
gave;21;
gay;16;
gayest;1;
gayeties;1;
gayety--of;1;
gayly;2;
gaze;3;
gazetteer;2;
gazetteer--open;1;
gazetteers;1;
gbnewby@pglaforg;1;
general;30;
generality;1;
generally;2;
generals;3;
generated;1;
generations;2;
generosity;1;
generous;9;
generously;1;
genesis;1;
genial;1;
genius;1;
gentle;13;
gentleman;5;
gentlemanly-triumphant;1;
gentlemen;5;
gently;4;
genuine;1;
genuinely;2;
geode;3;
geodes;4;
geography;3;
geologist--a;1;
geologizing;1;
germ;1;
german;11;
germans;2;
gesture--jeannie;1;
get;76;
gets;11;
getting;17;
ghost;1;
giant;1;
giants;11;
gift;4;
gifted;1;
gigantic;1;
ginevra;18;
gingham;1;
girl;33;
girl-companions;1;
girl-figures;1;
girl-life;1;
girl-nonsense;1;
girlhood;3;
girlish;1;
girls;72;
girls--having;1;
girls--were;1;
git;2;
give;30;
give--like;1;
given;27;
gives;2;
givin;1;
giving;11;
glad;28;
gladden;2;
gladly;2;
gladness;7;
glance;12;
glanced;6;
glances;3;
glancing;1;
glared;1;
glass;7;
glasses;2;
gleam;1;
gleamed;1;
gleaming;2;
glee;2;
glimpse;6;
glimpses;3;
glistening;2;
glistenings;1;
glittered;1;
glittering;1;
globule;1;
gloom;2;
glooms;2;
glorified;1;
glorious;5;
glory;14;
glory--only;1;
glory--wells;1;
glossed;1;
gloved;1;
gloves;2;
glow;2;
glowed;2;
glowing;1;
gnarled;1;
go;109;
goal;1;
goals;1;
god;14;
godmothers;2;
gods;2;
goes;6;
goin;1;
going;49;
gold;11;
gold-brown;1;
golden;16;
golden-brown;1;
goldthwaite;90;
goldthwaite--and;1;
goldthwaite--miss;1;
goldthwaite--my;1;
goldthwaite--receiving;1;
goldthwaite--were;1;
goldthwaite--youve;1;
goldthwaites;22;
gone;26;
gong;2;
gong--ugh;1;
good;76;
good--in;1;
good-breeding;1;
good-by;4;
good-bys;1;
good-giving;1;
good-humor;3;
good-humored;2;
good-looking;1;
good-morning;3;
good-mornings;1;
good-natured;2;
good-night;2;
good-sized;1;
goodness;5;
goose;1;
goosie-poosie;2;
gorgeous;3;
gospel;1;
gossamer;1;
gossip;1;
got;104;
govern;1;
gown;3;
grace;10;
graceful;9;
gracefully;3;
gracefully--they;1;
graceless;1;
graces;1;
gracious;1;
gracious--the;1;
graciously;2;
gradooal;1;
gradual;1;
gradually;6;
graduates;1;
grafted;1;
grahame;2;
grain;1;
grand;13;
grand-looking;1;
grander;2;
grandest;1;
grandeur;4;
grandison;1;
grandma;1;
grandmamma;1;
grandmother;1;
granite;5;
granted;6;
grape;1;
grapes;1;
grappled;1;
grasp;2;
grasped;2;
grass;5;
grass-blade;1;
grass-grown;1;
grass-linen;2;
grateful;2;
gratefully;2;
gratefulness;1;
gratitude;2;
grave;6;
gravely;3;
graver;2;
gravest;1;
gravies;1;
gravity;1;
gravity--who;1;
gray;23;
gray-bonnet;1;
gray-haired;1;
graywacke;8;
graywackeiness;1;
great;110;
greater;4;
greatest;3;
greatly;2;
greatness;3;
greedy;1;
green;48;
greenbacks;1;
greenhouse;1;
greenness;4;
greens;5;
greens--been;1;
greenswards;1;
greeting;2;
greetings;1;
gregory;1;
grenadines;3;
grew;18;
grief;1;
grimalkin;1;
grimgriffinhoof;2;
grip;1;
groping;1;
gross;1;
ground;2;
ground--the;1;
grounds;1;
group;18;
grouping;3;
groups;2;
grouty;1;
grove;1;
grow;11;
growing;10;
growling;1;
grown;14;
grown-up-hood;1;
grows;3;
growth;2;
grub;1;
grundy;1;
guard;2;
guess;4;
guessed;1;
guests;7;
guidance;1;
guided;3;
gumption;1;
guns;1;
gurgled;1;
gushes;1;
gutenberg-tm;56;
gutenberg-tms;1;
h--the;1;
ha;3;
habit;2;
habitual;1;
habituees;1;
had;560;
hadden;23;
haddens;24;
hadnt;8;
hailed;2;
haint;1;
hair;42;
hair--pale;1;
hair-line;1;
hair-ribbons;1;
hair-trunk;1;
hairs;2;
half;63;
half-circle;1;
half-comprehending;1;
half-conscious;1;
half-considered;1;
half-day;1;
half-dozen;2;
half-hour;1;
half-jealous;1;
half-light;1;
half-look;1;
half-mechanical;1;
half-rest;1;
half-starts;1;
half-surprise;1;
half-surprised;1;
half-wing;1;
halfs;1;
hall;13;
hall-door;2;
halls;1;
halo;1;
halted;1;
halyards;1;
hamadryad;3;
hamlets;1;
hammer;1;
hammered;1;
hammering;2;
hampshire;1;
hand;41;
hand-bags;1;
handful;2;
handkerchief;3;
handle;1;
handled;1;
hands;30;
hands--one;1;
handsome;6;
handsome--bright;1;
handwriting;1;
hang;4;
hanging;4;
hannah;2;
hans;1;
happen;3;
happened;9;
happier;1;
happiest;1;
happily;2;
happiness;1;
happy;13;
harbors;1;
hard;12;
harder;1;
hardest;1;
hardly;10;
harm;4;
harm--because;1;
harmless;1;
harmony;2;
harrow;1;
harry;2;
harry--that;1;
hart;2;
harvested;1;
has;43;
hasnt;4;
hast;1;
haste;4;
hastened;2;
hastily;5;
hasty;3;
hat;6;
hat-strings;1;
hatched;1;
hate;7;
hated;2;
hates;2;
hath;2;
hats;3;
haughtleys;5;
hauled;1;
haunted;1;
haunts;2;
have;236;
have--she;1;
havent;12;
haverhill;1;
havin;1;
having;15;
hay;1;
hay-cutter;1;
haystack;1;
hazard;1;
hazardous;1;
haze;2;
head;32;
head--this;1;
headgear;1;
heads;10;
heads--yet;1;
healing;1;
heap;1;
heaped;3;
heaping;1;
heaps;1;
hear;8;
heard;14;
hearing;6;
heart;28;
heart-throb;1;
hearth;2;
heartily;1;
heartiness;1;
hearts;1;
hearts-ease;1;
hearts-ease--a;1;
hearty;2;
heat;3;
heated;1;
heathen;1;
heats;1;
heaven;9;
heavenly;2;
heavens;2;
heavens--he;1;
heavily;2;
heavy;6;
hed;4;
heed;1;
heedfully;2;
heedless;2;
heedlessness;1;
heel;1;
heels;2;
height;6;
heights;6;
held;25;
held--was;1;
hell;5;
helmet;1;
help;35;
help--of;1;
helped;5;
helper;1;
helpers;1;
helpful;1;
helping;2;
helpless;2;
helps;3;
hem;2;
hemlocks;2;
hems;1;
hemstitched;1;
hemstitching;2;
hen;2;
henceforth;2;
henceforward;1;
hencoops;1;
henny-penny;1;
her--i;1;
her--looked;1;
her--questions;1;
her--the;1;
her--these;1;
her--who;1;
here;86;
here--though;1;
here--yet;1;
hereafter;1;
hereditary;1;
heres;3;
heretofore;1;
hero;4;
hero--out;1;
heroes;1;
herself--as;1;
herself--being;1;
hes;16;
hesitatingly;1;
hesitation;4;
hev;1;
hickory;1;
hid;2;
hidden;4;
hide;1;
high;15;
high-bred;2;
high-crowned;1;
high-heeled;1;
high-mindedness;1;
high-souled;1;
higher;5;
higher--the;1;
highest;3;
highest--must;1;
highly;1;
highslope;2;
highway;1;
highways;1;
hill;3;
hill-country;1;
hill-tops;1;
hills;22;
hills--be;1;
hills--ores;1;
hillside;2;
him--there;1;
hind;1;
hindered;3;
hint;4;
hinted;4;
hints;3;
hiram;1;
hire;1;
hissed;1;
history;6;
hit;2;
hither;1;
hits;2;
hive;1;
hoar;1;
hoard;1;
hoarsened;1;
hobbss;1;
hobby;1;
hold;14;
holden;6;
holdens;2;
holder;4;
holding;6;
holds;3;
hole;2;
holes;2;
holiday;8;
holidays;1;
hollow;2;
hollowed;1;
holly;1;
holy;2;
home;43;
home-bred;2;
home-cheeriness;1;
home-corner;1;
home-life;2;
home-made;1;
homely;2;
homespun;4;
homeward;1;
homily;1;
honest;6;
honesty;3;
honeysuckle;1;
honor;2;
honorably;1;
hooded;1;
hoofs;1;
hook;1;
hooks;2;
hoop;1;
hop;2;
hope;12;
hoped;1;
hopeful;1;
hopeless;1;
hopes;2;
hoping;2;
hopkins;1;
hops;1;
horizon;1;
horn;2;
horns;1;
horrible;1;
horribly;1;
horrid;1;
horror;1;
horse;1;
horses;8;
hose;1;
hoskins;18;
hoskins--and;1;
hoskinses;1;
hoskinss;2;
hospital;2;
hospitals;4;
hospitals--two;1;
hoss;1;
hosses;1;
host;2;
hostelry;1;
hostlers;1;
hot;3;
hot--hot;1;
hotel;15;
hotel-keeper;1;
hour;14;
hourly;2;
hours;18;
house;29;
house--and;1;
house-linen;1;
household;4;
householder;1;
housekeeping;1;
houses;4;
how;99;
howard;1;
however;11;
however--had;1;
howl;15;
howl--the;1;
howled;1;
howling;1;
howls;1;
html;1;
https//gutenbergorg/license;1;
https//pglaforg;2;
https//pglaforg/donate;1;
https//pglaforg/fundraising;1;
https//wwwgutenbergorg;1;
https//wwwgutenbergorg/1/0/2/3/10234;1;
https//wwwgutenbergorg/1/1/1/4/11141/;1;
https//wwwgutenbergorg/2/4/6/8/24689;1;
https//wwwgutenbergorg/etext06;1;
https//wwwgutenbergorg/gutindexall;1;
https//wwwpglaforg;1;
hubbard;4;
hubbards;2;
hue;1;
huge;7;
hum;1;
human;13;
humiliated--disgusted;1;
humiliation;1;
humility;1;
humming-birds;1;
hummock;2;
hummocks;4;
hummux;1;
hundred;9;
hundreds;4;
hung;5;
hunt;4;
hurried;5;
hurriedly;5;
hurry;7;
hurrying;1;
hurt;3;
hurts--its;1;
husband;2;
husbands;1;
hush;4;
hushed;2;
hushes;1;
hushing;1;
hydes;1;
hypertext;1;
hysterical;1;
i--hm--hm;1;
i--myself--am;1;
ice;1;
id;9;
idea;18;
idea--im;1;
ideal;1;
ideas;4;
identical;4;
identification;1;
identify;1;
idle;1;
if;215;
if--after;1;
ignorance;3;
ignore;1;
ignored;4;
ii;2;
iii;2;
ill;29;
ill-used;1;
illimitable;1;
illinois;1;
illnesses;1;
illumination;2;
illumined;1;
illustrate;1;
illustrated;1;
illustrating;1;
illustration;4;
im;53;
imagination;1;
imaginative;1;
imagine;5;
imagining;1;
immediate;3;
immediately;3;
immense;1;
imogen;17;
imogen--with;1;
imogens;1;
impalpable;2;
impatience;2;
impatient;1;
impatiently;2;
imperative;2;
imperfect;1;
impertinence;1;
impertinent;2;
imperturbably;1;
impetuous;2;
impetuously;3;
implement;1;
implements;1;
implied;2;
imply;1;
important;1;
imported;1;
importunate--and;1;
imposed;1;
imposing;1;
impossibility;1;
impossible;7;
impression;2;
impressively;1;
imprisoned;1;
improvised;2;
impulse;5;
impulses;1;
impulsively;1;
in;1092;
in--there;1;
inability;1;
inaccessible;2;
inaccurate;1;
inadequate;1;
inasmuch;1;
inasmuch--thats;1;
inaudibly;1;
incense;1;
incessant;1;
incessantly;3;
inch;4;
inch-wide;1;
incident;2;
incidental;1;
incipient;1;
inciting;1;
inclined;1;
inclosed;1;
inclosure;1;
include;1;
included;4;
includes;1;
including;10;
inclusive;1;
incomplete;1;
incomprehensible;1;
incorrigible;1;
increased;1;
increasing;1;
incrusted;1;
indecorums;1;
indeed;12;
indelibly;1;
indemnify;1;
indemnity;1;
independence;2;
independent;1;
indescribable;1;
indescribables;1;
indian;2;
indicate;2;
indicates;1;
indicating;1;
indication;1;
indicative;1;
indicatively;1;
indifferent;1;
indignant;2;
indignantly;1;
indignation;3;
indigo;1;
indirect;1;
indirectly;1;
indispensable;1;
indistinguishable;1;
individual;6;
induce;1;
inducement;1;
industries;1;
industry;1;
inertia;1;
inevitable;3;
inevitably;3;
inexorable;1;
inextricably;1;
inference;1;
infernal;1;
infests;1;
infinite;2;
infirmity;1;
inflammation;1;
inflection;1;
influence;1;
influence--something;1;
influencing;1;
information;9;
infringement;1;
ingenious;2;
ingeniously;2;
ingenuities;1;
ingleside;12;
ingleside--bright;1;
ingleside--why;1;
inglesides;2;
inheritance;1;
inimitable;2;
initials;1;
initiated;2;
injured;1;
inlaid;1;
inland;1;
inn;1;
inner;1;
innocent;3;
innocently;3;
innumerable;2;
inquire;1;
inquired;1;
inquiring;1;
inquiringly;1;
inquiry;1;
inquisitiveness;1;
insensibly;1;
inseparable;1;
inside;6;
insisted;1;
insistence;1;
insisting;1;
inspiration;2;
instance;3;
instant;22;
instantaneous;1;
instantly;4;
instants;2;
instead;7;
instinct;9;
instinctive;2;
institution;2;
insufferable;1;
insult;1;
insure;1;
insurmountable;2;
intellectual;3;
intended;3;
intense;3;
intensely;1;
intenser;2;
intensifying;1;
intent;6;
intention;2;
intention--you;1;
intentness;1;
interchange;1;
intercourse;1;
interest;7;
interested;4;
interests;1;
interfere;2;
interference;1;
interior;2;
interjectional;2;
internal;1;
international;1;
interposition;1;
interpreted;2;
interpreteth;1;
interrupt;1;
interrupted;2;
interrupting;1;
interruption;2;
interspersed;1;
intervale;2;
intervening;1;
intimacies;1;
intimate;6;
intimately;1;
into;145;
intolerable;3;
intolerant;1;
intoned;1;
intricacy;1;
introduce;3;
introduced;3;
introduction;2;
introductions;1;
intrude;2;
intruded;1;
intrusted;1;
intuition;2;
intuitive;1;
inundating;1;
invaded;1;
invalidity;1;
invalids;1;
invariably;3;
invasion;1;
investigating;1;
invisible;1;
invisibly;1;
invitation;2;
invite;2;
invited;6;
involuntarily;1;
involuntarily-met;1;
involuntary;3;
involved;1;
inward;1;
inwardly;1;
irate;1;
irishman;1;
iron;5;
ironed;1;
irony;1;
irregular;2;
irregularities;1;
irrelevant;1;
irresistibly;1;
irresolute;1;
irs;1;
irvings;1;
is;272;
is--said;1;
island;1;
islands;1;
isnt;26;
issue;3;
issued;1;
it--applied;1;
it--beside;1;
it--now;1;
it--only;1;
it--political;1;
it--running;1;
it--she;1;
it--the;1;
it--twice;1;
itching;1;
itd;1;
itll;8;
its;208;
iv;2;
ive;61;
ivory;1;
ivory-backed;2;
ivy;2;
ix;2;
jacket;1;
jackson;1;
jacob;1;
jam;1;
jambs;1;
james;2;
jane;2;
janet;2;
japan;2;
jarred;2;
jasper;1;
jaunt;1;
jauntily;2;
jaws;1;
jealousy;1;
jeannie;57;
jeannies;4;
jefferson;7;
jehoshaphat;1;
jerked;1;
jest;3;
jesus;1;
jim;8;
jimmy;4;
jogging;1;
joggled;1;
john;3;
join;5;
joined;4;
joining;3;
joint;2;
joke;5;
jokes;1;
jolliest;1;
jolly;5;
jolt;1;
josie;3;
josselyn;24;
josselyns;32;
jotham;2;
journey;10;
journeyed;1;
journeying;1;
joy;9;
joyous;1;
joyously;2;
joyousness;1;
judaea;1;
jugglers;1;
july;2;
jumble;1;
jump;2;
jumped;2;
jumping;1;
june;5;
june--in;1;
juniper;1;
jupiter;2;
just;150;
justice;2;
jut;1;
jutting;1;
kadiga;2;
kate;1;
katy-did;1;
keen;3;
keep;33;
keeping;6;
keeping-room;1;
keeps;3;
kegg;2;
kept;18;
kerchief;3;
kerchy;1;
kerosene;1;
kettle;2;
key;2;
kid;1;
kids;1;
kind;25;
kindled;1;
kindliness;2;
kindling;1;
kindlings;1;
kindly;5;
kindness;7;
kindred;1;
kinds;2;
king;3;
kingdom;2;
kings;1;
kink;1;
kiss;3;
kissed;1;
kitchens;1;
klines;2;
knee;2;
knees;4;
knew;34;
knife;2;
knight;3;
knit;2;
knock;3;
knocked;1;
knocking;3;
knot;4;
knotted;1;
know;93;
know--;1;
know--one;1;
know--river;1;
knowing;16;
knowledge;2;
known;14;
knows;8;
l;2;
la;1;
labeled;1;
labor;2;
lace;9;
lace-box;1;
lace-like;1;
lace-lines;1;
laced;1;
lad;1;
ladies;18;
lady;25;
lady--should;1;
lady--that;1;
lady-bracken;1;
lady-like;3;
ladys;2;
lafayette;3;
laid;18;
lain;2;
lake;5;
lambs;1;
lame;1;
lamentable;1;
lamentation;1;
lamentations;1;
lamenting;1;
lamps;2;
lancers;1;
land;3;
landing;1;
lands;1;
language;1;
lank;1;
lap;6;
lap-board;1;
lap-board--work;1;
lappet;1;
laps;1;
lapsed;1;
larcom;2;
large;15;
large--a;1;
largely;1;
larger;4;
largess--upon;1;
largest;1;
lashes;2;
lasses;1;
last;84;
last--of;1;
lasted;1;
late;12;
lately;4;
lately--to;1;
latent;2;
later;6;
lath;2;
latter;2;
lattice;1;
laugh;7;
laughed;5;
laughing;7;
laughter;8;
launched;1;
laundress;1;
laundry;1;
lavished;1;
law;4;
lawful;1;
lawn;3;
lawrence;2;
laws;9;
lawyer;1;
lay;25;
layest;1;
laying;7;
lazy;1;
lead;10;
leader;1;
leader--obliged;1;
leaders;1;
leadin;1;
leading;2;
leaf;13;
leaf--waiting;1;
leaf-glory;2;
leafage;2;
leak;1;
leal;1;
lean;1;
leaned;6;
leaning;2;
leap;2;
leaping;3;
leaps;1;
learn;3;
learned;5;
learnin;1;
learning;2;
learning--it;1;
least;33;
least--also;1;
least--now;1;
leather;2;
leave;9;
leaves;18;
leaves--leaves--leaves;1;
leaving;7;
led;11;
ledge;6;
ledges;6;
left;29;
leg;1;
legal;2;
legally;1;
legend;1;
legs;5;
lemon;1;
lempire;1;
lend;2;
length;5;
lengthened;2;
lengths;1;
lengthwise;1;
lent;2;
leonard;4;
les;5;
leslie;288;
leslie--by;1;
leslie--dakie;1;
leslie--to;1;
leslies;23;
less;17;
lessen;1;
lessened;1;
lesser;3;
lesson;2;
lessons;1;
lest;4;
let;48;
letitia;1;
letitias;1;
lets;5;
letter;10;
letters;7;
level;4;
levites;1;
liability;3;
liable;1;
liberty;1;
liberty-colors;1;
library;2;
license;15;
licensed;1;
lichen;1;
lid;3;
lids;2;
lie;3;
lief;2;
lies;3;
lieu;2;
life;84;
life--delight;1;
life--good;1;
life--narrowed;1;
life--that;1;
life-current;1;
lifelong;1;
lifetime;1;
lift;2;
lifted;13;
lifting;1;
light;33;
light-lying;1;
light-stand;1;
lighted;1;
lightening;1;
lighter;1;
lighting;1;
lighting-up;1;
lightly;3;
lightness;1;
lights;1;
lights--huddled;1;
like;154;
like--a;1;
like--and;1;
like--ive;1;
liked;6;
liked--mrs;1;
likely;12;
likely--and;1;
likes;2;
liking;1;
likings;1;
likings--her;1;
lilies;3;
lily;1;
limbs;2;
limit;1;
limitation;3;
limited;5;
linceford;79;
linceford--and;1;
lincefords;10;
line;12;
linen;3;
linen-cased;1;
linen-drawer;4;
lines;9;
linger;3;
lingered;3;
lingering;3;
linings;1;
link;1;
linked;1;
links;4;
lion;1;
lip;2;
lippincotts;1;
lips;7;
liquid;1;
lisphin;1;
listen;4;
listened;1;
listening;3;
listlessness;1;
lists;1;
lit;1;
litchfield;1;
literal;1;
literally;1;
literary;13;
literature;1;
litter;1;
little;256;
littleness;1;
littleton;5;
live;6;
lived;9;
lively;1;
lives;7;
living;23;
lo;1;
loaded;1;
loath;1;
locality;1;
located;4;
locating;1;
location;1;
locations;3;
locked;2;
locks;4;
lodging;1;
log;1;
lonely;2;
long;64;
longed;2;
longer;14;
longest;2;
longing;2;
longings;1;
longitudinal;1;
longs;1;
look;59;
look--as;1;
looked;54;
lookers-on;1;
looking;31;
looking-glass;1;
looking-glass--for;1;
lookout;2;
looks;8;
looks--tidiness;1;
looming;1;
looped;1;
loops;1;
loose;4;
lop-sided;1;
lor;1;
loranys;2;
lord;5;
lordlier;1;
lords;2;
lose;8;
losin;1;
losing;1;
loss;4;
loss--lines;1;
lost;6;
lot;3;
lottery;1;
loud;1;
lounged;1;
love;7;
love--to;1;
love-story;1;
loved;1;
lovelier;2;
loveliest;1;
loveliness;1;
lovely;22;
loving;3;
low;11;
low-minded--weak-minded;1;
low-suspended;1;
lowe;3;
lower;8;
lowered;3;
lowlands--nothing;1;
lox;2;
loyal;4;
loyally;1;
lucinda;1;
luck;2;
luckless;1;
lucky;2;
lucy;5;
lucys;1;
ludicrously;1;
luggage;5;
lunch-time;1;
lurking;1;
luxuries;1;
luxurious;1;
luxury;1;
lying;5;
m;1;
maam;4;
maam--you;1;
machine;2;
machine-work;1;
machinery;3;
machines;1;
madam;25;
made;112;
madison;1;
magazine;2;
magnanimous;1;
magnetic;1;
magnificence;1;
magnificent;6;
magnificently;1;
maiden;3;
maidenhair;1;
mail;2;
mail-bag;1;
main;3;
maintain;1;
maintained;2;
maintaining;1;
majestic;1;
majesties;2;
majesty;1;
make;75;
makes;9;
makin;1;
making;24;
making--you;1;
malachite;1;
malice;2;
malignant;1;
mallet;1;
mallets;1;
mamma;7;
mamma--ive;1;
mamma--while;1;
mammas;1;
mammon;4;
man;34;
man--well;1;
man-nature;1;
manage;2;
managed;5;
manager;1;
manifest;2;
manifestly;1;
manifold;1;
manly-looking;1;
manned;1;
manner;6;
manners;1;
mans;3;
mansion;2;
manufacture;1;
many;39;
map;4;
map-traveling;1;
maple;2;
maple-tree;1;
maples;1;
maps;2;
march--dodging;1;
marchings;1;
mare;1;
margie;1;
margins;1;
maria;1;
marie;2;
mark;1;
marked;5;
marks;1;
marmaduke;28;
marred;1;
married;7;
marry;1;
martha;35;
marthas;1;
martial;1;
martyr;1;
marvel;2;
marvelous;1;
marvelously;1;
masculine;1;
mass;3;
massachusetts;1;
masses;1;
masses--miles;1;
massy;1;
master;8;
master--hm--thayne;1;
master--leslie;1;
master-stroke;1;
mastered;1;
masters;5;
match;1;
matches;2;
material;4;
matrimony;1;
matron;1;
matronized;1;
matronizing;2;
matronly;3;
matrons;1;
matter;12;
matter--miss;1;
matter-of-fact;1;
matters;1;
mattie;7;
matting;1;
mattresses;1;
maturer;1;
maud;5;
mauds;1;
maximum;1;
may;51;
may-morning;1;
maynt;2;
me--perhaps--;1;
me--the;1;
me--well;1;
me--what;1;
meagre;1;
meal;2;
meal-bags;2;
mean;21;
mean--if;1;
meaner;1;
meaning;5;
meanings;2;
means;12;
meant;11;
meantime;1;
meanwhile;4;
measure;4;
measure--those;1;
measured;2;
measures;1;
measuring;1;
meat;1;
medium;5;
meek;1;
meekly;1;
meet;7;
meetin;1;
meeting;2;
meetings;1;
melan;1;
mellowness;1;
melon;1;
melting;1;
member;1;
members;1;
memories--balanced;1;
memory;3;
men;9;
men-folks;1;
menacing;1;
mend;1;
mended;1;
mending;2;
mending-basket;1;
mending-day;2;
mental;2;
mentally;1;
mention;2;
mentioned;3;
merchantibility;1;
mercy;6;
mercy--no;1;
mere;15;
merely;3;
merest;2;
merged;2;
merrily;3;
merriment;3;
merry;13;
meshes;1;
message;1;
messrs;1;
met;16;
metaphorically;1;
method;4;
methods;1;
michael;2;
mid-afternoon;1;
mid-channel;1;
mid-current;1;
midday;1;
middle;6;
middle-aged;2;
midnight;1;
midst;16;
might;87;
mightier;1;
mightnt;3;
mighty;3;
migratory;1;
mile;2;
miles;6;
military;1;
milk;2;
mill;2;
millikens;1;
millionaire;1;
millions;2;
milton;1;
mind;28;
minding;1;
minds;8;
minerals;1;
minerals--garnets;1;
mines;1;
mingled;5;
mingling;4;
minister;3;
ministering;1;
minster;14;
minute;23;
minutely;1;
minutes;15;
minutiae;1;
minx;1;
mirror;2;
mischance;1;
mischief;6;
mischief--but;1;
mischievous;2;
mischievously;1;
miserable;1;
miseries;1;
misery;2;
misfortune;4;
misfortunes;1;
misgivings;2;
mishap;1;
miss;180;
missed;2;
missing;1;
mission;4;
missionary;1;
mississippi;1;
mist;1;
mistake;6;
mistaken;2;
mistiness;1;
mistrusted;1;
mists;1;
mite;1;
mix;1;
mixed;1;
mixing;1;
mixture;1;
mob;2;
mob-element;1;
mock-miserable;1;
mockery;1;
mode-brown;1;
modern;1;
moderns;1;
modest;3;
modestly;2;
modestly--seen;1;
modification;2;
modified;1;
moi;1;
moist;2;
molasses;2;
moment;23;
momentary;1;
momently;1;
momentous;1;
moments;6;
momentum;1;
monday;6;
money;10;
money-making;1;
monitor;1;
monopolies;1;
monopolizing;1;
monstrous;2;
month;2;
months;5;
mood;4;
moods;1;
moon;5;
moonlight;3;
moons;3;
moorish;3;
moose;1;
mooses;1;
mope;1;
moral;6;
morally;2;
morals;1;
more;119;
more--or;1;
moreover;3;
morning;54;
morning--cousin;1;
morning--how;1;
morning-gown;1;
mornings;2;
morose;1;
morrow;1;
morsel;1;
morsels;2;
mortifying;2;
mosquito;2;
mosquito-netting;1;
moss-work;1;
mosses;3;
mossy;6;
most;55;
mote;2;
mother;25;
mother--;1;
motherhood;1;
motherly;3;
mothers;4;
motion;2;
motioned;1;
motionless;3;
motive;4;
motive--the;1;
mould;1;
mound;2;
mount;1;
mountain;42;
mountain-country;1;
mountain-house;1;
mountain-path;1;
mountains;29;
mountains--as;1;
mountains--o;1;
mountains--she;1;
mounting;2;
mousehole;1;
mouth;4;
mouth--always;1;
mouth--and;1;
move;8;
moved;12;
movement;5;
moves;1;
moving;5;
mr;49;
mrs;136;
mrs--grundy;1;
much;72;
muddle;1;
muddled;1;
multiple;1;
multiply;1;
mummies;1;
mummy;2;
murder;1;
muscles;1;
mushrooms;1;
music;3;
musical;3;
musing;2;
musings;1;
muslin;7;
must;70;
mustaches;1;
mustering;1;
mustnt;1;
mute;1;
mutton;1;
mutual;2;
my;107;
mysterious;1;
mystery;1;
mystery--theres;1;
mystic;2;
n;1;
n----;1;
nail;2;
nails;1;
nakedness;1;
name;23;
name--given;1;
name--remember;1;
name--the;1;
named;1;
names;5;
napoleon;1;
napped;1;
naps;1;
narration;1;
narrow;6;
narrowed;1;
narrower;1;
narrowly;1;
native;2;
natty;1;
natural;7;
naturally;2;
nature;5;
natures;1;
naughty;1;
navigator;1;
nay;1;
nazareth;1;
near;9;
nearer;5;
nearest;1;
nearly;16;
neat;1;
neatly;1;
necessarily;1;
necessary;3;
necessity;4;
neck;5;
necks;1;
need;9;
need--no;1;
needed;4;
needful;1;
needle;8;
needle-lance;1;
needles;4;
neednt;5;
needs;5;
neer-do-weels;1;
negative;1;
neglect;2;
negligence;1;
negro;1;
neighbor;1;
neighborhood;2;
neighbors;3;
neither;9;
nell;4;
nephew;1;
nerve;2;
nerve--of;1;
nerves;3;
nervous;2;
nest;5;
net;4;
nets;1;
netticoat;1;
netting;3;
network;1;
neutralized;1;
never;70;
never--just;1;
nevertheless;3;
new;68;
new--all;1;
new-fashioned;1;
new-furnish;1;
newby;1;
newest;1;
newly;2;
newly-sprouted;1;
newport;2;
news;5;
newsletter;1;
newspaper;2;
next;25;
niagara;2;
nice;20;
nice--runs;1;
nicely;5;
nicely-bound;1;
nicer;1;
nicest;3;
nickname;1;
nigh;1;
night;36;
night-chill;1;
night-dresses;1;
nights;2;
nine;7;
ninety;1;
nipping;1;
nisby;1;
no;127;
no-method;1;
noble;3;
nobler;1;
nobodys;3;
nocturnes;1;
nodded;1;
nods;1;
noise;3;
noiselessly;1;
noisily;1;
noisy;1;
noll;6;
nolls;1;
nominal;1;
non;1;
nonchalant;1;
nonentity;1;
nonproprietary;1;
nonsense;3;
nonsense--this;1;
nook;3;
nooks;1;
noon;1;
noontide;1;
noose;1;
nor;17;
nort;1;
north;9;
northern;2;
northward;3;
nose;8;
noses;2;
not;262;
not--for;1;
notability;2;
notch;6;
note;2;
noted;2;
notes;2;
nothin;3;
nothing--like;1;
notice;6;
noticed;3;
noticing;2;
notifies;1;
noting;1;
notwithstanding;2;
novel;3;
november;3;
now;112;
now--a;1;
now--can;1;
now--if;1;
now--not;1;
now--the;1;
nowhere;2;
nowhers;1;
noxious;1;
nucleus;1;
nuisance;1;
number;11;
numbered;2;
numberless;1;
numbers;3;
numerous;1;
nun;1;
nuns;1;
nursery;2;
nursery-tea;1;
nurses;1;
o;10;
oak-leaves;1;
oaks;2;
oath;4;
object;2;
objecting;2;
objections;1;
objects;1;
obliged;6;
observation;1;
observe;2;
observed;1;
observers;1;
obsolete;1;
obstacles;2;
obstinacy;1;
obtain;3;
obtaining;2;
obtrusively;1;
obvious;2;
occasion;2;
occasional;1;
occupations;1;
occupy;2;
occupying;2;
occur;1;
occurred;8;
occurrence;1;
ocean;2;
oclock;6;
october;1;
odd;13;
odd-minute;2;
oddities;1;
oddity;2;
odds;6;
odors;1;
oer;2;
of;1748;
of--came;1;
off;76;
off--it;1;
off-hand;2;
offer;2;
offered;5;
offering;1;
offers;1;
office;3;
officer;1;
official;3;
often;18;
oh;35;
oh-ohd;1;
oil;1;
old;96;
old--far;1;
old--she;1;
old--slants;1;
old--very;1;
old-fashioned;4;
older;10;
oliver;2;
oliver--my;1;
on;292;
on--an;1;
on--and;1;
on--so;1;
once;60;
once--the;1;
one;238;
one--how;1;
one--the;1;
one-eyed;2;
one-leggedness;1;
one-sided;2;
oner;1;
ones;32;
online;4;
only;154;
only--a;1;
only--we;1;
ont;2;
onward;1;
open;28;
opened;9;
opening;3;
openings;1;
openly;3;
opera-box;1;
opinion;3;
opportunities;3;
opportunity;6;
opposed;1;
opposing;1;
opposite;5;
opposite--sue;1;
optimists;1;
or--almost;1;
or--its;1;
orbit;1;
orchard;1;
order;12;
ordered;3;
orderly;1;
orders;2;
ordinary;6;
organ;2;
organdies;1;
organize;1;
organized;1;
organizing;2;
original;5;
originator;1;
ornament;3;
ornamental;1;
ornamented;1;
orthodox;1;
osgood;1;
ossipee;1;
ostrich;1;
other--i;1;
other--in;1;
other--these;1;
others;31;
others--was;1;
others--young;1;
otherwise;6;
ottomans;1;
ought;12;
oughtnt;1;
our;61;
out;270;
out-of-hours;1;
outbreak;1;
outcrops;1;
outdated;1;
outdoor;1;
outdoors;1;
outer;3;
outfit;3;
outgoing;1;
outgrowth;1;
outledge;26;
outledge--of;1;
outline;1;
outlines;1;
outlook;4;
outright;1;
outrunning;1;
outset;2;
outshoots;1;
outside;23;
outsiders;1;
outward;5;
outwardly;3;
oval;1;
over;128;
over--that;1;
over-and-over;1;
over-and-over--how;1;
over-full;1;
overburdened;1;
overcame;1;
overcasted;1;
overcrowding;1;
overflow;1;
overflowed;1;
overhead;2;
overlooked;1;
overshadowing;1;
overswept;1;
overtook;1;
owe;1;
owed;1;
owing;1;
owl;1;
owl-hooting;1;
own;80;
owned;1;
owner;5;
owns;2;
oxygen;1;
pace;1;
package;1;
packing;3;
padlocked;1;
page;4;
pages;2;
paid;9;
pain;3;
pains;4;
paint;3;
painted;1;
pair;6;
paired;1;
pairs;3;
pale;7;
pale-green;2;
paleness;1;
pall;1;
pane;1;
pang;1;
panorama;1;
pansy;2;
panted;1;
pantomime;1;
pantry;1;
papas;1;
paper;14;
papered;1;
papers;1;
paperwork;1;
papoose;1;
parable;8;
parables;3;
parade-ground;1;
paradise;1;
paragraph;11;
paragraphs;3;
parasol;1;
parcel;10;
parcel--something;1;
parcel--the;1;
parched;1;
pardon;2;
pardon--i;1;
parenthesis;1;
paris;1;
parish;1;
parlor;9;
parody;1;
parole;1;
parson;1;
part;34;
parted;2;
partially;1;
participate;2;
partickler;1;
particles;2;
particular;7;
particularly;5;
parties;4;
parting;1;
partly;7;
partner;4;
partners;3;
partners--getting;1;
parts;1;
party;51;
party--some;1;
pass;5;
passable;1;
passably;1;
passage;10;
passages;2;
passe-partout;1;
passed;8;
passengers;1;
passin;1;
passing;1;
passion;1;
past;5;
pastime;1;
pasture-grass;1;
patched;1;
patches;1;
path;6;
pathetic;2;
pathless;1;
pathos;1;
patience;3;
patient;1;
patiently;2;
patriotic;1;
patriotism;1;
patted;1;
pattern;3;
patting;1;
pause;8;
paused;2;
pauses;1;
pausing;1;
pausing--as;1;
pavements;1;
paw;1;
paws;1;
pay;4;
paying;2;
payments;3;
pea-green;1;
peace;4;
peaches;1;
peaks;3;
peals;1;
pearl-gray;1;
pears;1;
pebbles;3;
peck;1;
peculiar;3;
peep;1;
peeped;2;
peeping;3;
peered;1;
pemigewasset;1;
pendent;1;
penetrated;1;
penetrating;1;
people;70;
people--motioning;1;
people--the;2;
peoples;2;
perceive;4;
perceived;3;
perception;3;
perceptions;1;
perch;1;
perched;1;
peremptory;3;
perfect;10;
perfecting;1;
perfection;1;
perfectly;6;
perform;1;
performance;4;
performances;1;
performed;2;
performer;1;
performing;4;
perfume;3;
perfumes;1;
perhaps;41;
perhaps--and;1;
perhaps--by;1;
perhaps--did;1;
perhaps--isnt;1;
perhaps--they;1;
period;2;
periodic;1;
perker;1;
permanent;2;
permanently;1;
permission;7;
permitted;3;
pernicious;1;
perpendicular;2;
perpendicularly;1;
perpetual;1;
perpetually;1;
perplexing;1;
perplexity;1;
persistence;1;
persistent;1;
persistently;1;
person;10;
person--and;1;
personage;1;
personages;1;
personal;2;
personality;1;
personification;1;
persons;6;
perspective;2;
persuade;2;
persuaded;3;
pert;2;
pertinence;1;
pertinent;1;
pervaded;1;
peter;1;
pets;1;
petted;1;
petticoat;8;
petticoats;3;
petty;1;
petunia;1;
pews;2;
pewter;1;
pg;3;
pglaf;1;
phase;1;
pheasant;3;
pheasant-plumed;1;
pheasants;4;
phial;1;
philadelphia;1;
phoenix;1;
photographs;1;
phrase;5;
phrased;2;
physical;2;
physically;1;
piano;3;
piazza;15;
piazza-door;1;
piazzas;3;
pick;2;
picked;3;
picked-up;1;
picket-fence;1;
pickets;1;
picnic;5;
picnickers;1;
picnicking;1;
picture;13;
picture-frame;1;
pictures;3;
picturesque;1;
picturesquely;1;
pie;1;
piece;6;
pieced;1;
pieces;7;
piecing;1;
pile;2;
piled;1;
piled-up;1;
piles;2;
piling;1;
pillow;2;
pillows;3;
pin;2;
pin-head--both;1;
pina;1;
pinch;1;
pincushion;2;
pine;7;
pine--which;1;
pine-trees;1;
pine-trunks;1;
pines;22;
pinfeathers;1;
pink;1;
pins;4;
pioneers;1;
pious;1;
pipings;2;
piquant;1;
pistol-shot;1;
pitched;2;
pitcher;1;
piteously;1;
pitied;1;
pitiful;1;
pitifully;1;
pity;3;
pivot;2;
place;49;
place--a;1;
place--the;1;
placed;6;
places;9;
placing;2;
plague;1;
plaid;1;
plain;27;
plainer;1;
plainly;1;
plainness;1;
plaintively;1;
plan;7;
plane;1;
planets;2;
planing-machine;1;
planned;3;
plans;8;
planted;3;
plants;2;
plaster;3;
plaster--and;1;
plate;1;
plates;1;
platform;5;
platforms;1;
play;7;
played;8;
playful;1;
playfully;2;
playing;3;
plaything--expecting;1;
pleaded;1;
pleading;1;
pleasant;23;
pleasantly--and;1;
pleasantness;4;
please;20;
please--august;1;
pleased;6;
pleasurable;1;
pleasure;13;
pleasure--heres;1;
pleasure-wagons;1;
pleasures;5;
pleasuring;2;
plenishings;1;
plentiful;1;
plenty;11;
plover;1;
pluckiness;1;
plumage;1;
plumes;3;
plump;1;
plymouth;2;
pocket;3;
pocket-handkerchief;1;
pocket-handkerchiefs;1;
pocketed;1;
poem;1;
poetic;1;
poetry;1;
point;14;
point--as;1;
pointed;4;
pointing;1;
points;2;
poised;1;
poising;1;
poked;1;
pokes;1;
poking;2;
pole;1;
poles;1;
polite;2;
politely;3;
politeness;3;
politer;1;
politic;1;
polka;1;
polly;2;
pond;3;
pondered;1;
poor;17;
poorly;1;
popped;1;
popularity;1;
population;1;
porcelain;1;
porch;2;
porch-lintel;1;
portico;1;
portico--for;1;
portsmouth;4;
portsmouthll;1;
portulaca;1;
posed;1;
position;6;
positive;5;
possess;1;
possessed;1;
possession;6;
possessions;1;
possibilities;1;
possibility;3;
possible;15;
possibly;7;
post;2;
post-office;1;
post-village;1;
posted;7;
posterity;1;
posture;2;
pot;1;
pounced;1;
poured;1;
poverty;2;
powder;3;
power;4;
powerful;1;
practically;1;
practice;2;
practice--down;1;
practiced;1;
practicing;1;
practicings;1;
prairies;1;
praise;1;
praised;2;
pranced;1;
praps;1;
pray;1;
prayer;1;
prayer-time;1;
prayers;2;
preach;4;
preacher;1;
precaution;1;
preceded;1;
precious;2;
precipice-pedestal;1;
precipitous;1;
precise;1;
precisely;6;
precision;1;
preclude;1;
preface;2;
preferable;1;
preferred;2;
preliminaries;1;
premature;1;
premises;1;
preoccupied;1;
preparatory;2;
prepare;3;
prerogative;1;
presence;14;
present;7;
presentation;1;
presented;4;
presently;25;
presently--an;1;
presently--if;1;
preserve;1;
pressed;4;
pressing;3;
pressingly;1;
presumptuous;1;
pretended;1;
pretending;1;
prettier;4;
prettiest;6;
prettily;1;
prettiness;5;
pretty;49;
prevailed;2;
prevent;1;
previous;1;
pride;6;
priests;1;
prim;1;
primer-lesson;1;
primitive;4;
primness;1;
prince;1;
princesses;1;
principal;2;
principle;2;
principles;1;
print;3;
printed;2;
prior;1;
prissy;25;
prissys;4;
privacy;1;
private;4;
privately;1;
privations;1;
privilege;1;
privileged;1;
probably;4;
problem;2;
process;1;
processes;1;
processing;1;
produce;2;
produced;5;
production;1;
professor;2;
profile;1;
profit;1;
profits;1;
programme;2;
progress;1;
prohibition;1;
project;87;
projected;1;
projecting;1;
prolong;1;
prolonged;1;
promenade;1;
promenade--well;1;
promenades;1;
prominently;2;
promiscuous;1;
promise;6;
promised;6;
promises;1;
promising;1;
promontory;1;
promoting;2;
promotion;1;
prompting;1;
prone;1;
proof;1;
proofread;1;
proofreaders;2;
propensity;1;
proper;4;
properly;4;
property;3;
property--not;1;
property-boat;1;
prophecy;1;
prophet;1;
prophets;1;
proposed;2;
proposing;3;
proprietary;1;
proprieties;1;
proprietor;3;
proprietors;1;
propriety--as;1;
pros;1;
prospect;1;
prosperous;1;
protect;2;
protecting;1;
protest;1;
proud;1;
prove;2;
proved;1;
provender;1;
proverb;2;
provide;8;
provided;10;
providence;3;
providing;5;
proving;1;
provision;4;
provisions;1;
psalm;1;
psalms;1;
public;12;
publication;1;
published;1;
pudjicky;1;
puffing;1;
puffs;2;
pull;3;
pulled;3;
pulse;1;
pun;1;
punch;1;
pungent;1;
punishment;1;
punitive;1;
pupil;3;
pupils;1;
puppy;1;
pure;11;
purely;1;
purgatory;1;
purity;1;
purple;8;
purple-blue;1;
purpose;12;
purposely;2;
purposes;1;
purse;3;
pursued;3;
push;1;
pushed;3;
put;77;
puts;1;
putting;12;
puzzle;3;
puzzled;2;
puzzles;1;
puzzling;2;
pyramids;1;
quaint;2;
quarter;1;
quarters;2;
quartz;2;
queen;2;
queens;1;
queer;15;
queerest;2;
queried;1;
query;2;
question;15;
questioned;3;
questioning;3;
questions;8;
quick;13;
quickened;1;
quickening;1;
quicker;3;
quickly;10;
quickly--they;1;
quickness;2;
quicksilver;6;
quiet;30;
quieted;2;
quieter;2;
quieting;1;
quietly;8;
quilted;2;
quite;48;
quiver;3;
quivering;1;
quizzed;1;
quotation--;1;
quoted;1;
rack;1;
radiance;2;
radiant;1;
rag;1;
ragged;2;
raid;1;
raids;1;
railroad;2;
railroads;1;
railway;2;
raiment;1;
rain;1;
rainbow;1;
rains;1;
rainy;2;
raise;1;
raised;4;
raising;1;
ramble;1;
ramblings;1;
rampant;1;
ramparts;2;
ran;8;
rang;1;
range;2;
ranged;1;
rank;1;
rankle;1;
ranks;1;
rapid;1;
rare;6;
rarest;1;
raspberries;3;
rate;4;
rather;21;
rations--always;1;
rats;2;
ratted;1;
raved;1;
ravel;1;
ravines;1;
raving;1;
raw;1;
raw-silk;1;
re;1;
re-use;2;
reach;4;
reached;5;
reaches;3;
reaching;5;
reacting--as;1;
reaction;2;
read;16;
read-out;1;
readable;2;
reader;1;
reader--miss;1;
readers;2;
readily;2;
readiness;4;
reading;9;
readings;1;
ready;23;
real;33;
reality;2;
realize;1;
realized;1;
really;40;
reappearance;1;
rearing;2;
reason;7;
reasonable;3;
reasons;2;
rebel;3;
rebuke;2;
receipt;2;
receive;7;
received;10;
receiving;3;
recent;1;
receptacle;1;
recess;1;
recked;1;
reclaim;1;
recognition;2;
recognize;1;
recognized;4;
recollect;1;
recollected;1;
recollection;2;
recompense;1;
recreations;1;
rectangular;1;
recurred;1;
red;18;
red-brick;1;
red-brown;1;
red-lettered;1;
redding;1;
redeeming;1;
redistribute;1;
redistributing;2;
redistribution;2;
redundant;1;
reefs;1;
reel;1;
reely;1;
references;2;
refers;1;
refill;1;
refinement;1;
reflected;2;
reflection;1;
reflective;2;
reformed;1;
refrain;3;
refund;10;
refusal;1;
refuse;2;
refused;1;
regard;3;
regarded;1;
regardless;1;
regards;1;
regime;1;
regiment;1;
region;2;
register;1;
registered;2;
regret;1;
regretful;1;
regular;7;
regularly;1;
regulating;1;
rehearsal;1;
rehearsals;1;
rehearsed;1;
rehearsing;1;
reheating;1;
reign;1;
rein;1;
reinforce;1;
reins;2;
rejoice;1;
rejoicing;2;
rejoicings;1;
rejoined;5;
rejoining;1;
relating;1;
relation;1;
relationships;1;
relatives;1;
release;4;
relenting;1;
relentless;1;
relief;3;
religious;2;
religious--sundays;1;
religiously;1;
relish;2;
remain;3;
remained;2;
remaining;4;
remark;2;
remarkable;1;
remarked;1;
remedies;1;
remember;7;
remembered;3;
remembering;1;
remembrance;1;
remind;1;
reminded;1;
reminder;1;
reminding;2;
remnant;1;
remonstrance;1;
remonstrances;1;
remonstrating;1;
remotest;1;
removal;1;
remove;3;
removed;4;
renamed;2;
render;1;
reopening;1;
repaid;1;
repartee;1;
repast;2;
repeated;6;
replace;2;
replaced;3;
replacement;5;
replied;5;
reply;5;
replying;1;
reported;3;
reports;1;
repose;1;
represent;1;
representation;1;
representations;2;
representative;2;
representatives;1;
represented;1;
representing;1;
repressed;2;
reproduction;1;
repulsion;1;
request;4;
requested;1;
requests;1;
require;1;
required;1;
requirements;4;
research;2;
reservation;1;
reserve;4;
reserved;1;
resign;1;
resinous;1;
resistance;1;
resisting;1;
resless;1;
resolved;2;
resource;1;
resources;1;
respect;7;
respectable;2;
respectably;1;
respectfully;1;
respectively;1;
respects;2;
respite;2;
resplendent;1;
responded;1;
response;3;
responsibility;2;
responsible;1;
rest;31;
rested;4;
restfully;1;
resting;1;
resting-place;1;
restive;1;
restless;3;
restored;1;
restrained;1;
restrainedly;1;
restraint;1;
restrictions;2;
resultant;1;
resumed;3;
reticence;1;
retiring;1;
retreat--whose;1;
retreated--except;1;
return;6;
returned;8;
returning;1;
returns;1;
revealing;1;
revelation;1;
revelry;1;
revenue;1;
reverence;4;
reverend;1;
reverential;1;
reverted;1;
revolved--like;1;
rhymed;1;
ribbon;1;
ribbons;4;
rich;4;
rich--and;1;
richer;1;
richest;1;
richly;2;
riddle;1;
ride;2;
rides;1;
ridge;2;
ridges;1;
riding;1;
rifts;1;
right;42;
right--you;1;
righted;1;
righteous;1;
righteousness;1;
rimy;1;
ring;1;
ringing;3;
rings;4;
rinse;1;
rioted;1;
ripen;2;
ripening;4;
ripped;1;
ripping;1;
ripple;1;
ripples;1;
rippling;2;
rise;1;
risen;1;
rises;1;
rising;4;
river;15;
river--dont;1;
river-bank;1;
river-music;1;
road;16;
road--to;1;
roaring;1;
roast;2;
robert;1;
robes;3;
robin;2;
robings;1;
robsart;1;
rock;28;
rocked;1;
rocking-chair;6;
rocks;4;
rocks--i;1;
rocky;1;
rods;1;
rolled;11;
rollicked;1;
rolling;1;
rolls;3;
romance;2;
roof;5;
room;49;
room--but;1;
room--im;1;
room--quite;1;
rooms;12;
rooms--one;1;
root;1;
roots;3;
rope;1;
rose;14;
rose-color;1;
rose-glow;1;
rose-glycerine;3;
rosetted;1;
rosy;5;
rough;11;
rough-hew;1;
round;67;
round--an;1;
round--awhile;1;
rounded;3;
rousing;1;
routed;1;
routh;19;
routh--less;1;
rouths;7;
rover;1;
roving;1;
rows;1;
royal;2;
royalties;2;
royalty;3;
rub;1;
rubbed;2;
rubbing;1;
rude;2;
rudely;2;
rudiment;1;
ruffle;1;
ruffled;3;
ruffles;1;
ruffling;3;
rufflings;1;
rugged;1;
ruin;1;
rule;2;
rules;2;
ruling;1;
rumble;1;
rumors;1;
run;13;
rung;1;
running;9;
runs;4;
rural;2;
rush;4;
rushed;4;
rushing;4;
russet;3;
rustic;1;
rustle;2;
rustled;1;
rustling;1;
s;4;
s/he;1;
sackcloth;1;
sacks;2;
saco--i;1;
sacrifice;2;
sad;2;
saddle-horse;1;
saddle-horses;1;
safe;6;
safely;3;
safety;2;
safety-valve;1;
sagacious;1;
sagacity;1;
said;286;
said--or;1;
said--that;1;
sail;1;
sailor;1;
sails;1;
saintliness;1;
saintship;1;
sake;3;
sakes;1;
salary;1;
saleratus;3;
salt;1;
salt-fish;1;
salute;1;
sam;1;
same;21;
sanctified;1;
sanctity;1;
sanctuary;1;
sand;1;
sanded;1;
sang;1;
sanitary;1;
saratoga;3;
sarcastic;1;
sarcy;1;
sarpent;1;
sash;1;
sat;41;
sat--delight;1;
satanic;1;
satellites;1;
satire;1;
satisfaction;5;
satisfactorily;1;
satisfied;3;
satisfy;3;
saturday;5;
saucer;1;
saucers;1;
saucily;2;
sauciness;3;
saucy;5;
sauntering;1;
save;7;
saved;3;
saving;1;
savor;1;
saw;23;
saw-mill;1;
sawdust;1;
saxon;116;
saxon--at;1;
saxon--you;1;
saxons;15;
say;57;
say--confident;1;
say--lud-o-light;1;
saying;5;
sayings;1;
says;20;
scald;1;
scale;2;
scaling;1;
scandalized;2;
scant;1;
scapulary;1;
scar;1;
scarcely;9;
scared;1;
scarlet;5;
scarlet-fever;1;
scarlet-geranium;1;
scattered;6;
scene;5;
scenery;1;
scenes;5;
scenic;1;
scentless;1;
scheme;1;
scherman;39;
scherman--with;1;
schermans;4;
school;9;
school-days;1;
school-name;1;
school-party;1;
schoolgirl;2;
schoolgirls;1;
schooling;1;
schoolmate;1;
schoolroom;1;
science;1;
scientific;1;
scientifically;1;
scissors;1;
scolding;1;
scooped;1;
scope;1;
scorch;1;
score;1;
scorn;1;
scotch;1;
scottish;1;
scrambling;2;
scrap;5;
scrape;2;
scraps;3;
scratch;1;
scratched;1;
scream;1;
screamed;1;
screwed;1;
scrip;1;
scripture;1;
scrumptious;1;
scrupulous;1;
sculptured;1;
scuttling;1;
sea;2;
sea-mosses;1;
sealing;1;
sealing-wax;1;
seam;1;
seams;1;
search;4;
searched;1;
searching;2;
seashore;1;
season;3;
seasons;1;
seat;14;
seated;4;
seats;10;
second;10;
second-floor;1;
seconds;1;
secret;6;
secretly;2;
secrets;3;
section;7;
sections;1;
secure;3;
secured;2;
securing;1;
security;1;
see;101;
see--a;1;
see--what;1;
seed;2;
seeds;1;
seeds--bags;1;
seeing;14;
seeing--and;1;
seek;1;
seek--and;1;
seeking;5;
seem;19;
seem--what;1;
seemed;40;
seeming;2;
seemingly;1;
seems;17;
seen;12;
seersucker;1;
sees;2;
seize;1;
seized;7;
seizing;2;
seldom;4;
self;9;
self-absorptions;1;
self-applauding;1;
self-centred;1;
self-comparison;1;
self-complacence;2;
self-conscious--bright;1;
self-engrossment;1;
self-forgetful;1;
self-forgetfully--her;1;
self-indignant;1;
self-love;1;
self-reliance;1;
self-relinquishment;1;
self-respect;2;
self-same;3;
self-searchings;1;
selfish;2;
selfishness;1;
semicircular;1;
sence;1;
send;11;
sending;3;
sensation;1;
sense;9;
sensible;1;
sensitive;1;
sent;12;
sentence;5;
sentences;3;
sententious;1;
sentiment;1;
sentineled;1;
separate;6;
september;2;
sequence;1;
serial;1;
series;4;
serious;1;
seriously;1;
sermon;2;
sermons;1;
serpent-wise;1;
servant;1;
servants;1;
serve;3;
served;2;
service;3;
serving;2;
set;32;
settin;1;
setting;3;
setting-off;1;
settle;2;
settled;12;
settled--by;1;
settling;3;
seven;2;
seventy-five;1;
several;5;
severe;2;
severely-handsome;1;
sew;2;
sewed;1;
sewing;6;
sewing-silk;1;
sewn;1;
shabby;3;
shade;8;
shaded;2;
shades;1;
shadow;5;
shadowed;1;
shadows;4;
shadowy;1;
shaft;1;
shake;2;
shaker;5;
shaking;4;
shall;40;
shallow;1;
shalott;3;
sham;1;
shame;1;
shanghai;1;
shank-high;1;
shannon;5;
shannon--hes;1;
shannon--miss;1;
shannons;1;
shant;3;
shape;2;
shaped;3;
shapely;1;
shapes;3;
shaping;1;
share;5;
share--to;1;
shared;1;
sharing;1;
sharp;9;
sharp--as;1;
sharply;3;
sharpness;1;
shawl;4;
shawls;3;
shears;2;
shed;2;
sheeps-wool;1;
sheer;3;
sheets;2;
shelf;1;
shell;3;
shells;1;
sheltered;1;
shelves;1;
sheridan;1;
sherman;1;
shes;33;
shied;1;
shield;1;
shifted;1;
shifting;2;
shimmer;1;
shinar;2;
shine;1;
shining;7;
ships;1;
shirt;1;
shiver;3;
shoals;1;
shocked;1;
shoes;1;
shone;10;
shoo-ing;1;
shook;3;
shooting;1;
shop;1;
shopping;1;
shore;1;
short;18;
short-petticoated;1;
shortening;1;
shorter;1;
shot;2;
should;80;
shoulder;7;
shouldering;1;
shoulders;13;
shouldnt;8;
shout;1;
shouted;2;
show;12;
showed;8;
showed--you;1;
shower;1;
showing;6;
shows;3;
shrewdly;1;
shrink;1;
shrinking;2;
shrinks;1;
shroud;1;
shrouding;1;
shrugging;2;
shrunk;2;
shrunken;1;
shut;9;
shutters;1;
shutting;1;
shy;6;
shyer;1;
shyly;1;
shyness;1;
sick;1;
side;47;
side--for;1;
side-combs;1;
side-door;1;
side-saddle;1;
sidelong;1;
sides;5;
sidled;1;
sigh;4;
sight;9;
sight--;1;
sign-board;1;
signal;2;
significance;4;
significant;1;
significantly;1;
signified;1;
signifies;1;
signify;2;
silence;7;
silent;7;
silently;2;
silk;7;
silken;2;
silliness;1;
silly;1;
silurian--an;1;
silver;3;
silvery;1;
similar;1;
simile;1;
similitude;1;
simper;1;
simple;11;
simple-speaking;1;
simplicity;2;
simply;9;
simultaneous;1;
simultaneously;1;
sin;136;
since;22;
sing;2;
singing;1;
single;5;
singularly;2;
sinner;1;
sins;1;
sir;10;
sirius;1;
sister;13;
sisterly;2;
sisters;11;
sisters--the;1;
sit;13;
site;4;
sitting;11;
situation;1;
six;8;
six-horse;1;
sixteen;3;
sixth;1;
sixty;3;
size;1;
sizzle;1;
skeins;1;
sketch;1;
skies;1;
skilled;1;
skillful;1;
skimming;1;
skin;2;
skin-sensation;1;
skirt;6;
skirted;1;
skirts;3;
sky;6;
slang;1;
slanting;3;
sleep;4;
sleeping-chamber;1;
sleeping-rooms;1;
sleeve;1;
sleeve-buttons;1;
sleeves;3;
slender;1;
slept;1;
slice;1;
slid;2;
slight;5;
slightly;4;
slipped;3;
slipper;1;
slippers;3;
slipping;1;
sliver--and;1;
slope;3;
slopes;1;
sloping;2;
slow;4;
slow-mounting;1;
slower;1;
slowly;6;
sly;1;
small;22;
smartness;1;
smash;1;
smell;4;
smile;9;
smiled;7;
smiles;1;
smiling;4;
smilingly;2;
smitten;1;
smoke;2;
smooth;6;
smoothed;1;
snarl;1;
snatched;1;
snatches;1;
sneeze;1;
sniffle;1;
sniffled;1;
snow;1;
snow-patched;1;
snowy;2;
snub;1;
snubbed;1;
so;208;
so--a;1;
so--goes;1;
so--got;1;
so--my;1;
so--oh;1;
so--perceived;1;
so--should;1;
so--somehow--unreasonable;1;
so--the;1;
so--well;1;
sobriquet;2;
sobs;1;
sociability;1;
social;3;
society;2;
sod;1;
sofa;1;
soft;17;
softened;2;
softly;2;
softness;1;
soil;1;
sojourn;3;
sojourners;1;
solace;1;
solar;1;
soldier;4;
soldier-company;1;
soldiers;1;
sole;1;
solely;1;
solemn;5;
solemnity;2;
solemnly;1;
solicit;2;
solicitation;1;
solid;6;
solitaire;1;
solitary;3;
solitude;1;
solitudes;2;
solomon;1;
solution;1;
solve;1;
solved;1;
some;102;
somebodys;1;
somehow;28;
somethin;1;
something-else-us;1;
somethings;1;
sometime;1;
sometimes;26;
sometimes--played;1;
somewhat;2;
somewhere;5;
sonnet;1;
soon;7;
sooner;1;
soothe;2;
sorely;1;
sorrowful;1;
sorry;3;
sort;34;
sorts;1;
sotto;1;
sought;1;
soul;11;
soul--urges;1;
soul-and-body;1;
souls;2;
sound;6;
sounded;2;
sounds;2;
soup;1;
sour;1;
sources;1;
soured;1;
south;1;
southerly;1;
southern;3;
southward;2;
sowing;1;
sozzle;1;
space;4;
span;1;
spaniel;1;
spar;1;
spare;5;
sparkle;1;
sparkled;2;
sparrows;1;
sparseness;1;
spasm;1;
speak;15;
speakers;1;
speaking;4;
special;9;
specific;1;
specified;2;
specimen;3;
specimens;1;
specimens--ores;1;
speck;1;
sped;1;
speech;7;
speeches;1;
speedy;1;
spend;3;
spends;1;
spent;3;
sphere;3;
spiciness;2;
spick;1;
spicy;2;
spied;1;
spilling;1;
spin;1;
spines;1;
spinning;3;
spinster;6;
spires;2;
spirit;13;
spirit-leading;1;
spirited;2;
spirits;2;
spiritual;1;
spite;5;
splendid;6;
splendidly;1;
splendor;4;
splendors;1;
splint;1;
split;1;
splutters;1;
spoil;4;
spoiled;3;
spoiling;1;
spoke;23;
spoke--a;1;
spoken;14;
sponged;1;
spontaneousness;1;
spoons;1;
sport;1;
spose;1;
spot;3;
spot--went;1;
spots--and;1;
spouts;1;
sprang;6;
sprays;1;
spread;8;
spread--eagle;1;
spreading;1;
spring;5;
springing;3;
springs;3;
sprite;1;
sprouted;1;
sprung;3;
spun;1;
spying;1;
square;5;
squeezed;1;
squirm;3;
squirrel;1;
squirrel-like;1;
stabbed;1;
stable;1;
stable-yard;1;
stables;1;
staff;2;
stage;21;
stage-coach;1;
stage-manager;1;
stagers;1;
stagnation;1;
staid;2;
stained;1;
staircase;2;
stairs;5;
stairway;2;
stake;1;
stakes;1;
stamped;1;
stamping;1;
stand;9;
standing;12;
stands;4;
stanza--;1;
star;1;
star-mosses;1;
starch;1;
starched;1;
starching;1;
stared;2;
staring;1;
starlike;1;
starr;1;
stars;7;
start;3;
started;3;
startin;1;
starting;1;
starting-stake;1;
startled;1;
state;8;
stateliness;1;
stately;3;
statements;1;
states;18;
station;2;
stations;1;
stature;1;
status;4;
staubbach;1;
stay;13;
stayed;10;
staying;1;
steal;2;
stealing;1;
steam;4;
steamed;1;
steel;1;
steeps;1;
steer;2;
stems;3;
step;8;
step-daughter;1;
stepped;2;
steps;11;
steps--not;1;
stereotyped;1;
stern;2;
stick;4;
sticks;4;
stiff;1;
stiff-looking;1;
stiffen;1;
stiffened;2;
stiffer;2;
still;29;
stillness;3;
stint;1;
stir;1;
stirred;3;
stirring;2;
stitch;1;
stitch--some;1;
stitched;2;
stitches;7;
stitches--embroidery;1;
stitching;1;
stitchings;1;
stocking;1;
stocking-foot;1;
stockings;7;
stockins;1;
stolen;2;
stone;6;
stones;4;
stonewall;1;
stonewalls;1;
stood;30;
stool;1;
stooping;2;
stop;12;
stopped;17;
stoppin;1;
stopping;5;
stops;1;
store;1;
stored;2;
stores;2;
stories;7;
stories--this;1;
storm;1;
story;16;
story-tellers;1;
stout;2;
stowed;1;
straight;12;
straightened;2;
straightforwardness--by;1;
straightway;2;
strain;3;
strained;1;
strange;12;
strangely;2;
strangeness;1;
stranger;3;
strangers;6;
strangest;1;
strangling;1;
strapped;1;
straps;1;
straw;10;
strawberries;1;
stray;5;
strayed;1;
strays;1;
stream;2;
streams;1;
street;3;
streets;3;
strength;4;
stress;1;
stretched;4;
strict;1;
strike;1;
strikes;1;
string;3;
stringy;1;
strip;3;
stripe;1;
striped;4;
stripes;1;
strips;1;
strode;1;
stroke;1;
strolled;1;
strolling;1;
strong;9;
stronger;1;
strongest;1;
strongly;2;
struck;6;
strung;1;
stuart;2;
stubbornly--though;1;
stuck;5;
studies;1;
studying;2;
stuff;1;
stuffs;1;
stupid;2;
stupidity;1;
style;3;
stylish;2;
stylish-lookin;1;
stylishness;1;
suavely;1;
subdirectory;1;
subject;4;
subject--in;1;
subjected;1;
sublime;1;
sublimely;1;
subscribe;1;
subsided;1;
subsidence;1;
subtile;1;
subtle;1;
suburban;1;
succeed;2;
succeeding;1;
success;2;
successive;1;
such;81;
sudden;15;
suddenly;27;
sue;11;
sues;3;
suffer;1;
sufferance;1;
suffered;1;
suffering;2;
sufficient;2;
sufficiently;3;
sugar;1;
suggest;1;
suggested;6;
suggesting;2;
suggestion;5;
suggestions;4;
suggestive;4;
suit;3;
suitability;1;
suited;4;
suits;1;
sulphur;2;
sulphurs;1;
sum;1;
sumachs;1;
summary;1;
summer;46;
summer--just;1;
summer-birds;1;
summer-time;2;
summers;5;
summits--made;1;
summon;1;
summons;2;
sun;10;
sun-bleak;1;
sun-bonnet;1;
sun-faded;1;
sun-lighted;1;
sun-umbrella;2;
sunbeam;3;
sunburnt;2;
sunday;8;
sundays;4;
sunrise;1;
sunset;7;
sunset-ward;1;
sunshine;9;
sunshiny;2;
superadded;1;
superb;2;
superior;2;
superiority;2;
superlative;2;
supernumeraries;1;
supernumerary;1;
superseding;1;
supper;1;
supper-party;1;
supplement;1;
supply;2;
support;5;
supports;1;
suppose;25;
suppose--the;1;
supposed;8;
supposing;1;
suppressed;2;
sure;26;
sure--miss;1;
sure-footed;1;
surely;3;
surface;2;
surge;1;
surgeon;1;
surname;1;
surprise;4;
surprise--that;1;
surprised;4;
surrounded;1;
surrounding;1;
surroundings;1;
surveying;1;
survive;1;
susan;16;
susans;2;
susie;1;
suspect;1;
suspended;3;
suspicion;2;
sustaining;1;
suz;1;
swallow;1;
swamp;1;
sward;2;
swash;1;
swayed;2;
swearing;1;
sweep;1;
sweeps;2;
sweet;15;
sweeter;1;
sweetest;2;
sweetness;3;
swelled;1;
swelling;1;
swept;6;
swift;1;
swings;1;
swivel;1;
symbol;1;
sympathies;3;
sympathize;1;
sympathizers;1;
sympathy;8;
synonym;2;
synonymous;2;
syntax;1;
system;3;
t;15;
table;14;
tableau;8;
tableaux;17;
tacit;2;
tacitly;1;
tacked;1;
tactful;1;
tail;2;
tail-feathers;2;
tailors;1;
tails;1;
take;68;
taken;23;
takes;7;
taking;25;
taking-for-granted;1;
tale;2;
tales;1;
talk;23;
talked;3;
talking;6;
talks;1;
tall;6;
tallest;1;
tame;2;
tamed;1;
tangent;2;
tangle;1;
tangled;1;
tapped;1;
tares;1;
tassel;1;
tasseled;2;
taste;2;
tasted;1;
tastes;1;
tasting;1;
tavern;1;
tax;6;
taxes;1;
tea;9;
tea-kettle;1;
tea-table;1;
tea-time;2;
teach;1;
teacher;1;
teaching;3;
team;1;
team--his;1;
tear;1;
tears;5;
teasing;2;
tedious;2;
teeth;2;
telegraphs;1;
telescope;4;
telescopes;2;
tell;44;
tellin;1;
telling;2;
tells;3;
temper;1;
temperament;2;
tempering;1;
temples;5;
temporarily;1;
temporary;1;
tempt;1;
temptation;1;
temptation--they;1;
temptations;1;
tempted;2;
ten;10;
ten-mile;1;
tendency;1;
tender;10;
tenderly;4;
tenderness;3;
tending;1;
tennyson;1;
tens;1;
tent;2;
ter;3;
termini;1;
terms;22;
terra-cotta;1;
terrible;1;
terribly;1;
territory;1;
terror;1;
test;1;
testaments;1;
text;1;
text--kind;1;
textures;2;
than;79;
thank;7;
thanked;2;
thankful;3;
thanks;5;
thanksgiving;1;
that--about;1;
that--her;1;
that--since;1;
that--you;1;
thatll;3;
thats;45;
thats--jolly;1;
thayne;78;
thayne--he;1;
thayne--these;1;
the--assaying;1;
theatricals;2;
thee;2;
their;219;
them--and;1;
them--come;1;
them--i;1;
them--in;1;
them--lest;1;
them--ostensibly;1;
them--that;2;
them--the;2;
them--was;1;
thems;1;
themselves--and;1;
themselves--in;1;
then;121;
then--da;1;
then--sin;1;
then--well;1;
thence;2;
theologically;1;
theory;3;
theory--and;1;
there;287;
there--and;1;
there--isnt;1;
there--ive;1;
therefore;6;
therell;3;
thereon;1;
theres;39;
these--properly;1;
these--to;1;
they--oxidized;1;
theyd;3;
theyll;12;
theyre;25;
theyve;7;
thick;4;
thickets;1;
thieves;1;
thimble--taken;1;
thin;3;
thine;1;
thing;75;
thing--open;1;
thing--when;1;
thing--with;1;
things;108;
things--that;1;
things--there;1;
think;95;
think--is;1;
think--it;1;
think--shes;1;
thinking;10;
thinking--thats;1;
thinks;4;
thinned;1;
thinness;1;
thir;1;
third;6;
thirteen;3;
thirty;3;
thirty-three;1;
this--its;1;
thisll;1;
thoresby;44;
thoresbys;13;
thorn;1;
thorough;1;
thoroughly;4;
those--of;1;
thou;3;
though;31;
thought;85;
thought--smiling;1;
thoughtful;1;
thoughtfullest--well;1;
thoughtfully;1;
thoughts;18;
thousand;2;
thoust;1;
thread;9;
thread-laces;1;
thread-lines;1;
thread-paper;1;
threaded;3;
threads;2;
threaten;1;
threatened;1;
threatening;1;
three;35;
three-dollar;1;
three-ply;1;
threshold;1;
threw;3;
thrice;2;
thrift;2;
thrift--born;1;
thrifty;2;
thrill;5;
thrilling;2;
thrills;1;
throat;1;
throbbed;1;
thronged;1;
thronging;1;
through;61;
throughout;2;
throwing;3;
thrown;2;
thrust;3;
thrusting;2;
thumb;3;
thunder-scoured;1;
thundered;1;
thursday;3;
thus;3;
thwart-beam;1;
thy;2;
thyself;1;
tickled;1;
ticknor;1;
tide;2;
tidily;1;
tidiness;1;
tie;3;
tied;4;
tiers;4;
ties;1;
tight;1;
tighter;1;
tightly;1;
tightness;1;
till;38;
tilt;1;
time;87;
times;9;
timid;2;
timid--perhaps;1;
tin;2;
tingle;1;
tiniest;1;
tinkle;1;
tinkled;1;
tins;2;
tiny;4;
tiny-headed;1;
tip;3;
tired;7;
tired-out;1;
tireless;1;
title;3;
titular;1;
to--no;1;
to-day;13;
to-days;1;
to-morrow;10;
to-night;14;
to-night--and;1;
to-night--my;1;
toe;3;
together;53;
together--and;1;
together--you;1;
toilet--women;1;
toilets;1;
told;18;
told--begun;1;
tolerably;2;
tolerance;1;
tolerant;1;
toll;1;
tom;3;
tomb;1;
tomorrows;1;
tone;23;
toned;1;
tones;3;
tongue;1;
too;61;
too--a;1;
too--as;1;
too--her;1;
took;57;
tool-craft;1;
tools;1;
tooth;1;
toothache;1;
top;9;
topic;2;
tops;2;
tormented;1;
tormenting;1;
tossed;6;
tossing;3;
touch;15;
touched;17;
touches;2;
touching;4;
tours;1;
tow-cloth;1;
toward;47;
towards;1;
towel-stands;1;
tower;1;
town;5;
towns;2;
township;1;
toy-garden;1;
traced;1;
track;1;
track--the;1;
tracking;1;
trade-currents;1;
trademark;10;
trademark/copyright;1;
tradition;1;
traditional;1;
traditions;1;
tragacanth;1;
trailing;1;
trails;1;
train;9;
train--and;1;
trained;2;
training;4;
trains;1;
transaction;1;
transcendent;1;
transcribe;1;
transcription;1;
transferred;1;
transposed;1;
transversely;1;
traps;2;
travel;4;
traveled;3;
travelers;5;
traveling;12;
traveling-dress;1;
travels;2;
treading;1;
treasure;2;
treasured;1;
treasures;2;
treat;3;
treated;1;
treatment;1;
treble;1;
tree;1;
tree--that;1;
tree-branches;1;
tree-shadows;1;
tree-teguments;1;
tree-toad;1;
tree-toaded;1;
tree-toading;1;
trees;2;
trembled;5;
trembling;1;
tremendous;4;
tremendousness;1;
tremors;1;
tremulous;2;
trend;1;
tribulation;1;
trick;2;
tricks;2;
tried;9;
trifle;1;
trifling;1;
trig;1;
trillion;1;
trim;2;
trimming;2;
trimmings;1;
trips;1;
triumph;1;
triumphantly;1;
trivial;1;
trophies;1;
trotted;1;
trouble;6;
troubled;7;
troubling;1;
trousers;1;
trousseau;1;
true;20;
truer;1;
truest;1;
truly;6;
trump;1;
trunk;12;
trunk--a;1;
trunk--her;1;
trunk-shafts;1;
trunks;12;
trust;3;
trustworthy;1;
truth;12;
try;6;
trying;11;
trying--the;1;
tu-whit;1;
tu-whoo;1;
tube;1;
tubs;1;
tucked;1;
tucked-up;1;
tucks;1;
tuesday;4;
tuesday--its;1;
tuft;2;
tug;1;
tumbledown;2;
tumbling;1;
tumult;1;
turban;1;
turban--not;1;
turf-covered;1;
turkey-lurky;2;
turn;21;
turn--could;1;
turned;35;
turning;15;
turns;4;
turnus;1;
twas;1;
twelve;1;
twenties;1;
twenty;4;
twenty-eight;1;
twenty-first;1;
twenty-five;1;
twenty-four;3;
twenty-ninth;1;
twenty-third;1;
twice;1;
twig;1;
twigs;2;
twilight;1;
twined;1;
twinge;1;
twinkle;3;
twinkled;1;
twinkling;2;
twirled;1;
twirling;1;
twist;2;
twisted;4;
twists;1;
twitch;1;
two;129;
two--they;1;
two-story;1;
types;1;
ugliness;1;
ugly;2;
ugly--yes;1;
ultimate;2;
um;1;
umbagog;1;
unable;3;
unaware;2;
unbecoming;2;
unbeknownst;1;
unblunted;1;
unbroken;1;
uncalled;1;
unceasing;1;
uncertain;1;
unchanged;1;
unclassical;1;
uncle;7;
uncle--but;1;
unclosed;1;
uncomfortable;2;
uncomfortableness;1;
uncommon;1;
uncommonly;1;
uncomprehending;2;
unconcernedly;1;
uncongenial;1;
unconscious;6;
unconsciously;4;
unconsidered;1;
uncouth;2;
uncovered;1;
undaunted;1;
undeniable;1;
under;64;
underclothing;2;
underlying;1;
underneath;5;
understand;6;
understanding;1;
understands;1;
understood;5;
undertake;1;
undertaker;1;
undesirable;1;
undisturbed;1;
undoubtedly;2;
uneasily;1;
unenforceability;1;
unerring;1;
uneven;1;
unexpectedly;1;
unexpecting;1;
unexplained;1;
unfastened;1;
unfinished;4;
unfortunate;1;
unfortunates;1;
unhappily;1;
unhappiness;1;
unhappy;1;
unharmed;1;
unheard;1;
unheeded;1;
uniform;1;
union;2;
unique;1;
united;11;
uniting;1;
universe--that;1;
unkempt-looking;1;
unknown;5;
unless;8;
unless--i;1;
unlighted;1;
unlink;1;
unlooked-for;1;
unmistakable;1;
unmitigated;1;
unobtrusive;1;
unpack;2;
unpainted;1;
unpardonable--outrageous;1;
unpinned;1;
unpleasant;1;
unprecedented;1;
unpretending;1;
unqualified;1;
unquestionably;1;
unravel;1;
unregulated;1;
unreserved;1;
unrighteousness;1;
unrolled;2;
unruly;1;
unseen;3;
unselfish;1;
unsettling;1;
unshaded;1;
unshingled;1;
unsolicited;1;
unspellable;1;
unsuitableness;1;
unswerving;1;
unthought;1;
untidily;1;
untidiness;1;
untied;1;
until;12;
unto;5;
untoward;2;
untried;1;
untroubled;1;
unusual;2;
unutterable;1;
unutterably;1;
unwillingly;1;
unwonted;1;
up;292;
up--a;1;
up--up--up--from;1;
up-right;1;
up-side;1;
updated;1;
upheld;1;
uphold;1;
upidee;1;
uplifting;1;
upon;185;
upper;6;
upreared;1;
uprears;1;
uproar;1;
uprolled;1;
upshot;1;
upstairs;11;
upturned;1;
urging;1;
us--are;1;
us--most;1;
us--or;1;
us--we;1;
usage;1;
use;24;
used;15;
useful;1;
usefulness;2;
user;3;
uses;1;
ushered;1;
using;5;
usual;3;
usually;3;
ut;1;
utensil;1;
utilize;1;
utmost;1;
utter;5;
utterance;3;
utterances;2;
uttered;3;
utterly;3;
v;3;
vacancy;1;
vacant;2;
vacated;1;
vacation;4;
vacuous;1;
vacuum;1;
vagrant;1;
vague;5;
valenciennes;1;
valise;1;
valley;8;
valley-bosom;1;
valley-lands;1;
valley-picture;1;
valley-reaches;1;
valuable;2;
value;2;
valued;1;
vandoo;2;
vanilla;3;
vanished;1;
vanities;2;
vanity;2;
vanquished;1;
vaporous;1;
varied;2;
variety;1;
various;2;
vary;1;
vase;2;
vast;3;
vaster;1;
vehicle;4;
veil;5;
veiled;1;
veiling;1;
veils;2;
vein;1;
velvet;1;
velvet-covered;1;
velvety;1;
veneration;1;
venom;1;
ventilation;1;
venture;2;
ventured;2;
verge;2;
verily;2;
veritable;1;
verse;2;
verses;1;
version;2;
versions;1;
very;98;
vestige;1;
veteran;1;
vexations--on;1;
vi;2;
vibrate;1;
vibrated;1;
vice;1;
vice--misery;1;
view;5;
viewed;1;
viewing;1;
vii;2;
viii;2;
village;5;
village--the;1;
villages;2;
ville;1;
vine;3;
vine-sprays;1;
vines;3;
violates;1;
violet;2;
virgins;1;
virus;1;
visible;2;
vision;3;
visions;1;
visit;7;
visited;1;
visiting;3;
visitor;1;
visitors;1;
visits;1;
vistas;1;
vital;1;
vitality;2;
vivacity;2;
vivid;1;
vivifying;1;
vocal;1;
voce;1;
vociferously;1;
voice;17;
voices;4;
voici;1;
void;1;
volumes--real;1;
voluntary;1;
volunteer;1;
volunteers;6;
voted;1;
vulgar;2;
wagon;11;
wagons;7;
waist;1;
waists;1;
wait;13;
waited;13;
waiting;22;
waiting-room--there;1;
waits;1;
waiving;1;
wake;1;
wakened;1;
waking;1;
walcott;2;
walcotts;2;
walk;6;
walked;15;
walking;2;
walking-party;1;
walks;3;
wall;3;
wall-paper;1;
walls;2;
waltz;1;
waltz-music;1;
wandered;1;
wandering;3;
want;37;
want--the;1;
wanted;16;
wanting;1;
wants;6;
war;6;
ward;1;
wardrobe;1;
wardrobes;1;
warm;12;
warmer;1;
warmth;2;
warmth--who;1;
warnt;2;
warranties;3;
warranty;2;
was;741;
wash;3;
washed;1;
washing;1;
washington;12;
washstand;2;
wasnt;12;
wasnt--not;1;
waste;2;
watch;3;
watched;2;
watching;3;
water;15;
water-lilies;1;
waterfall;4;
waterfalls;1;
watering;1;
watering-pot;2;
waters;4;
wave;2;
waves;1;
waving;2;
wax;3;
way;111;
way--an;1;
way--but;1;
way--especially;1;
way--plymouth;1;
way--that;1;
way-station;2;
waylaid;1;
waylie;2;
ways;6;
wayside;6;
wayward;1;
waywardness;1;
weak;1;
weak-minded;1;
weakness;1;
wealth;2;
wear;10;
wearer;1;
wearing;3;
wears;1;
weather;4;
weaving;1;
web;6;
wed;4;
wedding;1;
weddns;1;
wednesday;3;
wee;1;
week;12;
weekly;1;
weeks;13;
weigh;1;
weighing;1;
weight;1;
welcome;3;
welcomed;1;
welcomers;1;
well;70;
well--and;1;
well--that;1;
well-bred;2;
well-doing--and;1;
well-dressed;1;
well-filled;1;
well-populated;1;
wells;1;
went;52;
were;245;
werent;3;
west;10;
western;3;
westward;1;
wet;2;
weve;15;
wharne;60;
wharne--like;1;
wharnecliffe;1;
wharneleigh;1;
wharnes;1;
what--not;1;
whats;6;
whatsoever;2;
wheat;1;
wheel;2;
wheel-track;1;
wheeled;4;
wheels;3;
wheeze;1;
whence;2;
whenever;1;
wherein;1;
whereof;1;
whereon;1;
wheres;3;
wherever;3;
wherewith;1;
whether;11;
while;49;
whimsicality;1;
whip;1;
whip-hems;1;
whippings;1;
whirl;2;
whirled;2;
whirling;3;
whisking;1;
whisper;4;
whispered;9;
whispered--come;1;
whispering;3;
whispers;1;
whit;1;
white;39;
white-pine;2;
whiten;1;
whitest;1;
whitney;5;
whittiers;2;
whole;46;
wholly;1;
whomsoever;1;
whuzzevert;1;
why--left;1;
why--theres;1;
why--to;1;
wicked;3;
wickets;1;
wide;10;
wide-awake;1;
widen;1;
widened;1;
wider;2;
widest;2;
widow;1;
wife;3;
wigley;3;
wigleys;2;
wild;8;
wild-flowers;1;
wilderness;1;
wildernesses;1;
wilds;1;
will;73;
willful;2;
willing;2;
willingly;1;
willingness;2;
wills;1;
wilt;1;
wind;13;
winding;2;
window;27;
window--that;1;
window-recess;1;
window-shade;1;
windows;6;
winds;2;
wing;12;
wing--giants;1;
wing--to-morrow;1;
wing-piazza;1;
wink;3;
winked;2;
winking;1;
winning;1;
winningly;1;
winnipiseogee;1;
winnowed;1;
winsted;2;
winter;10;
wintergreen;1;
winters;1;
wipe;1;
wiping;1;
wisdom;4;
wise;3;
wiser;1;
wish;16;
wished;4;
wist;2;
wit;3;
with;666;
withdraw;1;
withdrawing;1;
withdrawn;1;
withdrew;1;
withered;1;
withering;1;
withheld--were;1;
within;26;
without;71;
wits;1;
witty;1;
woman;29;
woman--when;1;
woman-work;1;
womanhood;2;
womanly;4;
womans;2;
women;11;
women-soldiers;1;
womens;1;
won;1;
wonder;21;
wondered;5;
wonderful;10;
wonderfully;2;
wondering;5;
wonders;1;
wondrous;1;
wont;30;
wood;4;
wood-path;1;
wood-piles--whole;1;
wood-violet--she;1;
wooden;1;
woods;12;
woodsville;1;
woof;1;
woolen;1;
woollen;1;
word;43;
word--the;1;
words;24;
words--longed;1;
words--the;1;
words--they;1;
wore;4;
work;81;
work--a;1;
work--there;1;
work-basket;2;
work-day;1;
worked;1;
workers;1;
working;8;
working--that;1;
works;32;
world;39;
world--came;1;
world--for;1;
world--reason;1;
world-instructed;1;
worldful;1;
worlds;2;
worms;1;
worried;3;
worry;3;
worrying;1;
worse;5;
worst;3;
worsted;1;
worth;9;
would;167;
wouldnt;26;
wound;4;
wounded;1;
wove;1;
woven;1;
wrapped;2;
wrapper;1;
wrappers;1;
wrappings;2;
wraps;1;
wrath;1;
wrathfully;1;
wreathed;1;
wreathing;2;
wretched;1;
wretchedness;1;
wrinkles;2;
wristbands;1;
write;4;
writing;7;
written;7;
wrong;9;
wuss;1;
wust;2;
wwwgutenbergorg;3;
x;2;
xi;2;
xii;2;
xiii;2;
xiv;2;
xv;2;
xvi;2;
xvii;2;
yankee;2;
yankee-smart;1;
yards;4;
yawn;1;
ye;10;
year;11;
year--and;1;
yearning;1;
years;34;
yellow;3;
yer;3;
yes;21;
yes--it;1;
yes--miss;1;
yesterday;5;
yesterday--drivers;1;
yet;55;
yielded;1;
york;6;
you--and;1;
you--before;1;
you--couldnt;1;
you--you;1;
youd;13;
youll;31;
young;89;
young-ladyhood;1;
younger;6;
youngest;2;
your;91;
youre;17;
yours--henny-penny;1;
youth;3;
youthful;1;
youths;1;
youve;25;
zayda;1;
zeal;1;
zealous;1;
zipped;1;
zorahayda;1;
zorayda;4;
